GRID_ID,Truth,Output
AA-13,0,1
AA-14,0,1
AA-20,1,1
AA-24,1,1
AA-29,1,1
AA-36,1,1
AA-38,1,1
AA-40,1,1
AA-44,1,1
AA-47,1,0
AA-51,0,0
AA-54,0,0
AA-62,0,0
AA-65,0,0
AA-66,0,0
AA-67,0,0
AA-84,0,0
AA-90,1,1
AB-12,0,1
AB-14,1,1
AB-15,1,1
AB-20,1,1
AB-21,1,1
AB-29,1,1
AB-30,1,1
AB-34,1,1
AB-37,1,1
AB-38,1,1
AB-39,1,1
AB-4,1,1
AB-51,0,0
AB-52,0,0
AB-53,0,0
AB-60,0,0
AB-65,0,0
AB-74,0,0
AB-84,0,1
AB-85,0,0
AB-89,1,0
AB-9,0,0
AB-90,1,0
AB-92,1,0
AB-95,1,0
AB-97,1,0
AB-98,0,0
AC-15,1,1
AC-16,1,1
AC-20,1,1
AC-26,1,1
AC-32,1,1
AC-34,1,1
AC-41,1,1
AC-49,0,1
AC-5,1,1
AC-50,0,0
AC-56,0,0
AC-59,0,0
AC-65,0,0
AC-68,0,0
AC-73,0,0
AC-80,0,0
AC-82,0,0
AC-94,1,1
AC-97,0,1
AD-13,1,1
AD-2,1,1
AD-22,1,1
AD-3,1,1
AD-40,1,1
AD-49,0,1
AD-50,0,0
AD-68,0,0
AD-7,1,1
AD-73,0,0
AD-77,0,0
AD-78,0,0
AD-79,0,0
AD-84,0,0
AD-86,1,1
AD-88,1,1
AD-89,1,1
AD-99,0,0
AE-10,1,1
AE-20,1,1
AE-34,1,1
AE-39,1,1
AE-4,1,1
AE-41,1,1
AE-70,0,0
AE-72,0,0
AE-83,1,0
AE-99,0,1
AF-15,1,1
AF-17,1,1
AF-19,1,1
AF-2,1,1
AF-22,1,1
AF-38,1,1
AF-39,1,1
AF-53,0,0
AF-60,0,0
AF-69,0,0
AF-76,0,0
AF-78,0,0
AF-79,0,0
AF-82,1,1
AF-86,1,1
AF-9,1,1
AF-94,1,1
AF-96,0,1
AF-97,0,1
AF-98,0,1
AG-16,1,1
AG-17,1,1
AG-25,1,1
AG-27,1,1
AG-32,1,1
AG-33,1,1
AG-37,1,1
AG-40,1,1
AG-41,1,1
AG-42,1,1
AG-44,1,1
AG-45,1,1
AG-58,0,0
AG-6,1,1
AG-63,0,0
AG-65,0,0
AG-66,0,0
AG-67,0,0
AG-75,0,0
AG-77,0,0
AG-79,1,1
AG-86,1,1
AG-93,1,1
AG-94,0,1
AG-95,0,1
AH-10,1,1
AH-12,1,1
AH-13,1,1
AH-18,1,1
AH-24,1,1
AH-34,1,1
AH-35,1,1
AH-40,1,1
AH-42,1,1
AH-44,1,1
AH-48,0,0
AH-5,1,1
AH-53,0,0
AH-59,0,0
AH-6,1,1
AH-60,0,0
AH-61,0,0
AH-68,0,0
AH-72,0,0
AH-79,1,1
AH-8,1,1
AH-82,1,1
AH-90,1,1
AH-93,0,1
AI-19,1,1
AI-24,1,1
AI-26,1,1
AI-34,1,1
AI-38,1,1
AI-4,1,1
AI-42,1,1
AI-44,1,1
AI-50,0,0
AI-51,0,0
AI-53,0,0
AI-59,0,0
AI-6,1,1
AI-61,0,0
AI-65,0,0
AI-7,1,1
AI-77,1,1
AI-80,1,1
AI-85,1,1
AI-90,1,1
AI-93,0,1
AI-94,0,1
AI-95,0,0
AJ-17,1,1
AJ-19,1,1
AJ-27,1,1
AJ-35,1,1
AJ-41,1,1
AJ-5,1,1
AJ-65,0,0
AJ-69,0,0
AJ-7,1,1
AJ-70,0,0
AJ-76,0,0
AJ-77,1,0
AJ-8,1,1
AJ-80,1,1
AJ-87,1,1
AJ-92,0,0
AJ-97,0,0
AK-16,1,1
AK-22,1,1
AK-34,1,1
AK-38,1,1
AK-46,0,0
AK-49,0,0
AK-5,1,1
AK-56,0,0
AK-57,0,0
AK-59,0,0
AK-6,1,1
AK-65,0,0
AK-78,1,0
AK-81,1,1
AL-12,1,1
AL-20,1,1
AL-22,1,1
AL-28,1,1
AL-30,1,1
AL-31,1,1
AL-39,1,1
AL-41,1,1
AL-45,0,1
AL-56,0,0
AL-71,0,0
AL-72,0,0
AL-75,0,0
AL-79,0,0
AL-81,0,1
AL-85,1,1
AL-86,1,1
AL-89,1,1
AL-92,0,0
AL-95,0,0
AM-16,1,1
AM-17,1,1
AM-23,1,1
AM-28,1,1
AM-29,1,1
AM-31,1,1
AM-34,1,1
AM-37,1,1
AM-40,1,1
AM-42,1,1
AM-46,0,0
AM-49,0,0
AM-5,1,1
AM-51,0,0
AM-56,0,0
AM-58,0,0
AM-59,0,0
AM-60,0,0
AM-66,0,0
AM-68,0,0
AM-72,0,0
AM-81,0,1
AM-86,1,1
AM-98,0,0
AN-12,1,1
AN-17,1,1
AN-21,1,1
AN-24,1,1
AN-25,1,1
AN-28,1,1
AN-29,1,1
AN-34,1,1
AN-35,1,1
AN-47,0,0
AN-48,0,0
AN-67,0,0
AN-74,0,0
AN-75,0,0
AN-76,0,0
AN-86,1,1
AN-93,0,0
AN-95,0,0
AN-99,0,0
AO-18,1,1
AO-2,1,1
AO-20,1,1
AO-30,1,1
AO-31,1,1
AO-32,1,1
AO-36,1,1
AO-38,1,1
AO-44,0,0
AO-5,1,1
AO-59,0,0
AO-67,0,0
AO-72,0,0
AO-77,0,0
AO-82,0,0
AO-84,0,1
AO-86,0,0
AO-88,0,0
AO-97,0,0
AO-99,0,0
AP-15,1,1
AP-31,1,1
AP-32,1,1
AP-34,1,1
AP-38,1,1
AP-39,1,1
AP-48,0,0
AP-52,0,0
AP-57,0,0
AP-60,0,0
AP-61,0,0
AP-62,0,0
AP-82,0,0
AP-83,0,0
AP-89,0,0
AP-90,0,0
AP-92,0,0
AP-93,0,0
AP-95,0,0
AP-97,0,0
AQ-17,1,1
AQ-18,1,1
AQ-19,1,1
AQ-24,1,1
AQ-3,1,1
AQ-31,1,1
AQ-34,1,1
AQ-39,1,1
AQ-46,0,0
AQ-49,0,0
AQ-57,0,0
AQ-60,0,0
AQ-67,0,0
AQ-72,0,0
AQ-85,0,0
AQ-94,0,0
AR-10,1,1
AR-11,1,1
AR-14,1,1
AR-16,1,1
AR-21,1,1
AR-28,1,1
AR-33,1,1
AR-35,1,1
AR-37,1,1
AR-38,1,1
AR-4,1,1
AR-40,1,1
AR-43,1,1
AR-5,1,1
AR-51,0,0
AR-53,0,0
AR-56,0,0
AR-74,0,0
AR-75,0,0
AR-79,0,0
AR-8,1,1
AR-88,0,0
AR-89,0,0
AR-91,0,0
AR-96,0,0
AS-10,1,1
AS-12,1,1
AS-28,1,1
AS-38,1,1
AS-4,1,1
AS-40,1,1
AS-44,0,1
AS-5,1,1
AS-58,0,0
AS-59,0,0
AS-6,1,1
AS-71,0,0
AS-74,0,0
AS-76,0,0
AS-77,0,0
AS-78,0,0
AS-95,0,0
AT-11,1,1
AT-19,1,1
AT-20,1,1
AT-24,1,1
AT-30,1,1
AT-33,1,1
AT-4,1,1
AT-50,0,0
AT-52,0,0
AT-54,0,0
AT-55,0,0
AT-62,0,0
AT-63,0,0
AT-7,1,1
AT-76,0,0
AT-78,0,0
AT-86,0,0
AT-87,0,0
AT-88,0,0
AT-90,0,0
AT-96,0,0
AT-97,0,0
AT-99,0,0
AU-13,1,1
AU-24,1,1
AU-27,1,1
AU-35,1,1
AU-36,1,1
AU-38,1,1
AU-50,0,0
AU-51,0,0
AU-52,0,0
AU-54,0,0
AU-59,0,0
AU-60,0,0
AU-74,0,0
AU-8,1,1
AU-81,0,0
AU-89,0,0
AU-93,0,0
AV-10,1,1
AV-14,1,1
AV-15,1,1
AV-16,1,1
AV-20,1,1
AV-23,1,1
AV-30,1,1
AV-32,1,1
AV-35,1,1
AV-4,1,1
AV-40,1,1
AV-5,1,1
AV-54,0,0
AV-6,1,1
AV-7,1,1
AW-10,1,1
AW-11,1,1
AW-13,1,1
AW-16,1,1
AW-18,1,1
AW-2,1,1
AW-22,1,1
AW-23,1,1
AW-24,1,1
AW-26,1,1
AW-28,1,1
AW-37,1,1
AW-6,1,1
AW-64,0,0
AW-66,0,0
AX-21,1,1
AX-25,1,1
AX-28,1,1
AX-3,1,1
AX-30,1,1
AX-4,1,1
AX-48,0,0
AX-58,0,0
AX-62,0,0
AX-66,0,0
AY-18,1,1
AY-19,1,1
AY-20,1,1
AY-22,1,1
AY-32,1,1
AY-33,1,1
AY-35,1,1
AY-49,0,1
AY-5,1,1
AY-52,1,1
AY-62,0,0
AY-64,0,0
AZ-11,1,1
AZ-13,1,1
AZ-15,1,1
AZ-17,1,1
AZ-20,1,1
AZ-33,1,1
AZ-35,1,1
AZ-39,1,1
AZ-4,1,1
AZ-44,1,1
AZ-50,1,1
AZ-51,1,1
AZ-6,1,1
AZ-65,0,0
AZ-8,1,1
B-29,0,1
B-34,1,1
B-35,1,1
B-46,1,1
B-48,1,1
B-63,1,1
B-75,0,1
B-77,1,1
B-80,1,1
B-81,1,1
B-87,1,1
B-91,1,1
B-95,1,1
B-96,1,1
BA-10,1,1
BA-18,1,1
BA-22,1,1
BA-23,1,1
BA-30,1,1
BA-31,1,1
BA-32,1,1
BA-44,1,1
BA-57,0,0
BA-61,0,0
BA-9,1,1
BB-13,1,1
BB-23,1,1
BB-28,1,1
BB-29,1,1
BB-3,1,1
BB-37,1,1
BB-38,1,1
BB-43,1,1
BB-58,0,0
BB-64,0,0
BC-17,1,1
BC-2,1,1
BC-24,1,1
BC-29,1,1
BC-3,1,0
BC-36,1,1
BC-37,1,1
BC-38,1,1
BC-44,1,1
BC-46,1,1
BC-49,1,1
BC-52,1,1
BC-58,0,0
BC-59,0,0
BC-64,0,0
BC-66,0,1
BD-12,1,1
BD-17,1,1
BD-18,1,1
BD-21,1,1
BD-24,1,1
BD-31,1,1
BD-37,1,1
BD-46,1,1
BD-49,1,1
BD-5,1,1
BD-52,1,0
BD-53,1,1
BD-58,0,0
BD-61,0,0
BD-62,0,0
BD-64,0,0
BD-8,1,1
BD-9,1,1
BE-12,1,1
BE-24,1,1
BE-28,1,1
BE-32,1,1
BE-36,1,1
BE-42,1,1
BE-46,1,1
BE-53,0,1
BE-58,0,0
BE-59,0,0
BE-6,1,1
BE-60,0,0
BE-61,0,0
BE-63,0,0
BF-10,1,1
BF-14,1,1
BF-18,1,1
BF-27,1,1
BF-34,1,1
BF-35,1,1
BF-40,1,1
BF-5,1,1
BF-55,0,0
BF-60,0,0
BF-62,0,0
BF-64,0,0
BG-10,1,1
BG-12,1,1
BG-15,1,1
BG-17,1,1
BG-21,1,1
BG-27,1,1
BG-28,1,1
BG-32,1,1
BG-34,1,1
BG-35,1,1
BG-4,1,1
BG-44,1,1
BG-45,1,1
BG-56,0,0
BG-6,1,1
BG-63,0,1
BH-15,1,1
BH-20,1,1
BH-21,1,1
BH-22,1,1
BH-23,1,1
BH-27,1,1
BH-29,1,1
BH-30,1,1
BH-33,1,1
BH-35,1,1
BH-39,1,1
BH-40,1,1
BH-5,1,1
BH-53,0,0
BH-59,0,1
BH-64,0,1
BI-12,1,1
BI-14,1,1
BI-17,1,1
BI-35,1,1
BI-36,1,1
BI-40,1,1
BI-41,1,1
BI-43,1,1
BI-52,0,0
BI-54,0,0
BI-6,1,1
BI-62,0,1
BI-65,0,1
BJ-12,1,1
BJ-17,1,1
BJ-20,1,1
BJ-31,1,1
BJ-32,1,1
BJ-40,1,1
BJ-41,1,1
BJ-43,1,1
BJ-46,1,1
BJ-54,0,0
BJ-57,0,0
BJ-63,0,1
BJ-64,0,0
BJ-9,1,1
BK-10,1,1
BK-12,1,1
BK-16,1,1
BK-25,1,1
BK-38,1,1
BK-40,1,1
BK-42,1,1
BK-5,1,1
BK-52,0,0
BK-54,0,0
BK-64,0,0
BK-66,0,1
BK-7,1,1
BL-18,1,1
BL-21,1,1
BL-24,1,1
BL-36,1,1
BL-39,1,1
BL-46,1,1
BL-47,0,1
BL-54,0,0
BL-63,0,1
BL-65,0,0
BL-66,0,1
BL-7,1,1
BM-10,1,1
BM-19,1,1
BM-23,1,1
BM-26,1,1
BM-28,1,1
BM-30,1,1
BM-34,1,1
BM-42,1,1
BM-47,0,0
BM-51,0,0
BM-55,0,0
BM-6,1,1
BM-64,0,0
BM-7,1,1
BM-9,1,1
BN-16,1,1
BN-17,1,1
BN-19,1,1
BN-21,1,1
BN-22,1,1
BN-26,1,1
BN-31,1,1
BN-32,1,1
BN-33,1,1
BN-38,1,1
BN-4,1,1
BN-40,1,1
BN-41,1,1
BN-51,0,0
BN-53,0,0
BN-54,0,0
BN-56,0,0
BN-59,0,0
BN-63,0,1
BO-17,1,1
BO-18,1,1
BO-2,1,1
BO-26,1,1
BO-43,0,1
BO-45,0,0
BO-58,0,0
BO-63,0,0
BO-64,0,0
BP-12,1,1
BP-13,1,1
BP-42,0,1
BP-43,0,0
BP-52,0,0
BP-60,0,0
BP-61,0,0
BP-63,0,0
BQ-12,1,1
BQ-32,1,1
BQ-38,1,1
BQ-39,1,1
BQ-45,0,0
BQ-51,0,0
BQ-56,0,0
BQ-60,0,0
BQ-62,0,0
BR-10,1,1
BR-20,1,1
BR-29,1,1
BR-31,1,1
BR-33,1,1
BR-36,1,1
BR-49,0,0
BR-52,0,0
BR-56,0,0
BS-11,1,1
BS-12,1,1
BS-3,1,1
BS-45,0,0
BS-48,0,0
BS-51,0,0
BS-7,1,1
BS-8,1,1
BT-10,1,1
BT-15,1,1
BT-18,1,1
BT-20,1,1
BT-21,1,1
BT-22,1,1
BT-37,1,1
BT-40,0,1
BT-52,0,0
BT-57,0,0
BT-60,0,0
BT-61,0,0
BU-14,1,1
BU-17,1,1
BU-20,1,1
BU-21,1,1
BU-3,1,1
BU-46,0,0
BU-48,0,0
BU-54,0,0
BU-56,0,0
BU-59,0,0
BU-66,0,0
BU-9,1,1
BV-22,1,1
BV-28,1,1
BV-31,1,1
BV-37,1,1
BV-42,0,0
BV-47,0,0
BV-48,0,1
BV-62,0,0
BV-63,0,0
BV-8,1,1
BW-18,1,1
BW-2,1,1
BW-21,1,1
BW-25,1,1
BW-26,1,1
BW-37,1,1
BW-4,1,1
BW-43,0,0
BW-53,0,0
BW-55,0,0
BW-60,0,0
BW-62,0,0
BW-64,0,0
BW-8,1,1
BX-10,1,1
BX-14,1,1
BX-18,1,1
BX-23,1,1
BX-24,1,1
BX-32,1,1
BX-33,1,1
BX-44,0,0
BX-50,0,0
BX-59,0,0
BX-62,0,0
BX-66,0,0
BY-10,1,1
BY-11,1,1
BY-14,1,1
BY-2,1,0
BY-22,1,1
BY-24,1,1
BY-28,1,1
BY-30,1,1
BY-32,1,1
BY-33,1,1
BY-35,1,1
BY-38,0,0
BY-43,0,0
BY-44,0,0
BY-50,0,0
BY-55,0,0
BY-6,1,1
BY-61,0,0
BZ-10,1,1
BZ-13,1,1
BZ-16,1,1
BZ-17,1,1
BZ-21,1,1
BZ-33,1,1
BZ-39,0,0
BZ-52,1,0
BZ-53,1,1
BZ-55,0,0
BZ-6,1,1
C-11,0,0
C-18,0,0
C-2,0,0
C-21,0,0
C-22,0,0
C-24,0,0
C-3,0,0
C-32,1,1
C-34,1,1
C-4,0,0
C-53,1,1
C-58,1,1
C-62,1,1
C-65,0,1
C-78,1,1
C-79,1,1
C-84,1,1
C-86,1,1
C-9,0,0
C-97,1,1
C-98,1,1
C-99,1,1
CA-11,1,1
CA-14,1,1
CA-2,1,1
CA-37,0,0
CA-44,0,0
CA-46,0,0
CA-59,0,0
CB-16,1,1
CB-23,1,1
CB-25,1,1
CB-30,1,1
CB-37,0,0
CB-38,1,0
CB-4,1,1
CB-44,0,0
CB-46,0,0
CB-49,0,0
CB-52,1,1
CB-58,0,0
CB-64,0,0
CC-14,1,1
CC-15,1,1
CC-16,1,1
CC-17,1,1
CC-20,1,1
CC-27,1,1
CC-32,1,1
CC-40,0,0
CC-48,1,1
CC-50,1,1
CC-52,1,1
CC-53,1,1
CC-58,0,0
CC-59,0,0
CC-65,0,0
CC-66,0,0
CC-7,1,1
CD-12,1,1
CD-38,0,0
CD-42,0,0
CD-45,0,1
CD-46,1,1
CD-48,1,1
CD-5,1,1
CD-55,1,1
CD-61,0,0
CD-7,1,1
CE-26,1,1
CE-3,1,1
CE-38,0,0
CE-45,1,1
CE-48,1,1
CE-49,1,1
CE-50,1,1
CE-53,1,1
CE-57,0,1
CE-65,0,0
CE-9,1,1
CF-10,1,1
CF-12,1,1
CF-14,1,1
CF-15,1,1
CF-18,1,1
CF-21,1,1
CF-23,1,1
CF-25,1,1
CF-33,1,1
CF-35,0,0
CF-43,1,1
CF-44,1,1
CF-5,1,1
CF-54,1,1
CF-65,0,1
CG-14,1,1
CG-17,1,1
CG-18,1,1
CG-27,1,1
CG-32,1,1
CG-39,0,1
CG-4,1,1
CG-42,1,1
CG-45,1,1
CG-55,1,1
CG-58,0,0
CG-7,1,1
CG-9,1,1
CH-10,1,1
CH-11,1,1
CH-21,1,1
CH-22,1,1
CH-35,0,0
CH-38,0,0
CH-4,1,1
CH-42,1,1
CH-53,1,1
CH-56,0,1
CH-65,0,0
CI-16,1,1
CI-17,1,1
CI-19,1,1
CI-20,1,1
CI-24,1,1
CI-31,1,1
CI-42,1,1
CI-43,1,1
CI-44,1,1
CI-47,1,1
CI-5,1,1
CI-54,0,1
CI-57,0,1
CI-63,0,0
CI-64,0,0
CJ-10,1,1
CJ-11,1,1
CJ-15,1,1
CJ-27,1,1
CJ-31,1,1
CJ-4,1,0
CJ-42,1,1
CJ-43,1,1
CJ-47,1,1
CJ-50,1,1
CJ-61,0,1
CJ-63,1,0
CJ-7,1,1
CK-34,1,1
CK-5,1,1
CK-51,1,1
CK-53,1,1
CK-7,1,1
CL-13,1,1
CL-14,1,1
CL-17,1,1
CL-19,1,1
CL-20,1,1
CL-24,1,1
CL-26,1,1
CL-39,1,1
CL-41,1,1
CL-42,1,1
CL-48,1,1
CL-55,0,0
CL-7,1,1
CM-13,1,1
CM-15,1,1
CM-20,1,1
CM-21,1,1
CM-22,1,1
CM-31,1,1
CM-32,1,1
CM-40,1,1
CM-44,1,1
CM-49,1,1
CM-5,1,1
CM-53,1,1
CM-54,0,0
CM-8,1,1
CN-20,1,1
CN-21,1,1
CN-24,1,1
CN-29,1,1
CN-31,1,1
CN-34,1,1
CN-37,1,1
CN-39,1,1
CN-40,1,1
CN-41,1,1
CN-49,1,1
CN-50,1,1
CN-60,0,1
CN-66,0,1
CO-18,1,1
CO-23,1,1
CO-28,1,1
CO-33,1,1
CO-5,1,1
CO-52,1,1
CO-58,0,1
CO-63,0,1
CP-14,1,1
CP-18,1,1
CP-21,1,1
CP-25,1,1
CP-27,1,1
CP-28,1,1
CP-34,1,1
CP-35,1,1
CP-39,1,1
CP-44,1,1
CP-47,1,1
CP-5,1,1
CP-51,1,1
CP-54,1,1
CP-55,0,0
CP-57,0,1
CP-59,0,0
CP-7,1,1
CQ-12,1,1
CQ-13,1,1
CQ-17,1,1
CQ-18,1,1
CQ-20,1,0
CQ-22,1,1
CQ-23,1,1
CQ-27,1,1
CQ-31,1,1
CQ-33,1,1
CQ-34,1,1
CQ-4,1,1
CQ-45,1,1
CQ-49,1,1
CQ-6,1,1
CQ-62,0,0
CQ-64,0,0
CQ-7,1,1
CQ-9,1,1
CR-14,1,1
CR-17,1,1
CR-20,1,1
CR-23,1,1
CR-37,1,1
CR-42,1,1
CR-45,1,1
CR-54,1,1
CR-55,0,1
CR-62,0,0
CR-65,0,0
CS-10,1,1
CS-11,1,1
CS-14,1,1
CS-19,1,1
CS-22,1,1
CS-25,1,1
CS-29,1,1
CS-3,1,1
CS-36,1,1
CS-5,1,1
CS-54,0,1
CS-61,0,0
CS-65,0,0
CT-11,1,1
CT-14,1,1
CT-27,1,1
CT-45,1,1
CT-53,1,1
CT-61,0,0
CT-62,0,0
CT-66,0,1
CU-10,1,1
CU-23,1,1
CU-26,1,1
CU-27,1,1
CU-28,1,1
CU-31,1,1
CU-35,1,1
CU-4,1,1
CU-43,1,1
CU-44,1,1
CU-54,0,1
CU-59,0,0
CU-8,1,1
CV-11,1,0
CV-15,1,1
CV-16,1,1
CV-17,1,1
CV-19,1,0
CV-23,1,1
CV-3,1,0
CV-35,1,1
CV-38,1,1
CV-42,1,1
CV-45,1,1
CV-5,1,1
CV-57,0,1
CV-63,0,0
CW-10,1,1
CW-15,1,1
CW-17,1,1
CW-18,1,0
CW-27,1,1
CW-32,1,1
CW-34,1,1
CW-38,1,1
CW-41,1,0
CW-50,0,1
CW-51,0,1
CW-52,0,1
CW-57,0,0
CW-59,0,0
CX-18,1,1
CX-20,1,1
CX-23,1,1
CX-25,1,1
CX-32,1,1
CX-48,1,0
CX-55,0,1
CX-62,1,1
CX-9,1,1
CY-22,1,1
CY-23,1,1
CY-34,1,1
CY-38,1,1
CY-40,1,1
CY-41,1,1
CY-44,1,1
CY-45,1,1
CY-54,0,1
CY-59,1,1
CY-63,1,1
CZ-17,1,1
CZ-19,1,1
CZ-22,1,1
CZ-24,1,1
CZ-26,1,1
CZ-27,1,1
CZ-31,1,1
CZ-36,1,1
CZ-38,1,0
CZ-49,1,1
CZ-5,1,0
CZ-58,1,0
CZ-6,1,0
CZ-7,1,1
D-17,0,0
D-18,0,0
D-20,0,0
D-24,0,0
D-28,0,1
D-32,1,1
D-35,1,1
D-40,1,1
D-45,1,1
D-47,1,1
D-48,1,1
D-60,1,1
D-67,0,0
D-69,0,0
D-78,1,1
D-88,1,1
D-95,1,1
D-98,1,1
DA-10,1,1
DA-15,1,1
DA-19,1,1
DA-2,1,0
DA-20,1,1
DA-3,1,0
DA-38,1,1
DA-48,1,1
DA-58,1,1
DA-63,1,1
DA-66,1,1
DB-11,1,1
DB-14,1,1
DB-16,1,1
DB-19,1,1
DB-20,1,1
DB-28,1,0
DB-30,1,1
DB-50,1,1
DB-51,1,0
DB-65,1,1
DB-8,1,1
DC-13,1,1
DC-14,1,1
DC-15,1,1
DC-18,1,1
DC-32,1,1
DC-35,1,1
DC-36,1,1
DC-43,1,1
DC-45,1,1
DC-46,1,1
DC-47,1,1
DC-48,1,0
DC-61,1,1
DC-9,1,1
DD-13,1,1
DD-14,1,1
DD-15,1,1
DD-24,1,1
DD-25,1,1
DD-3,1,1
DD-36,1,1
DD-44,1,1
DD-46,1,1
DD-5,1,1
DD-55,1,0
DD-59,1,1
DD-61,1,1
DD-62,1,1
DD-66,1,1
DE-11,1,1
DE-12,1,1
DE-18,1,1
DE-2,1,1
DE-20,1,1
DE-23,1,1
DE-28,1,1
DE-40,1,1
DE-49,1,1
DE-59,1,1
DE-60,1,1
DE-7,1,1
DE-9,1,1
DF-14,1,1
DF-18,1,1
DF-28,1,1
DF-31,1,1
DF-62,1,1
DF-66,1,1
DF-7,1,1
DG-10,1,1
DG-14,1,1
DG-15,1,1
DG-2,1,1
DG-20,1,1
DG-32,1,1
DG-34,1,1
DG-44,1,0
DG-5,1,1
DG-52,1,1
DG-58,1,1
DG-59,1,1
DG-63,1,1
DG-65,1,1
E-10,0,0
E-12,0,0
E-14,0,0
E-16,0,0
E-22,0,0
E-23,0,0
E-24,0,0
E-26,0,0
E-27,0,0
E-29,0,1
E-4,0,0
E-44,1,1
E-45,1,1
E-59,1,1
E-62,1,1
E-64,0,1
E-66,0,0
E-79,1,1
E-81,1,1
E-83,1,1
E-85,1,1
E-90,1,1
E-99,1,1
F-17,0,0
F-19,0,0
F-42,1,1
F-60,0,1
F-62,1,1
F-68,0,0
F-69,0,0
F-7,0,0
F-72,0,0
F-79,1,1
F-80,1,1
F-82,1,1
F-83,1,1
F-85,1,1
F-90,1,1
F-91,1,1
F-94,1,1
F-97,1,1
F-99,1,1
G-10,0,0
G-14,0,0
G-15,0,0
G-22,0,0
G-25,0,0
G-38,1,1
G-39,1,1
G-40,1,1
G-43,1,1
G-46,1,1
G-47,1,1
G-50,1,1
G-56,1,1
G-59,0,1
G-6,0,0
G-68,0,0
G-76,1,1
G-82,1,1
G-83,1,1
G-93,1,1
G-95,1,1
H-15,0,0
H-44,1,1
H-48,1,1
H-61,0,1
H-63,0,1
H-66,0,0
H-71,0,0
H-74,0,0
H-79,1,1
H-81,1,1
H-85,1,1
H-88,1,1
H-9,0,0
H-91,1,1
H-93,1,1
I-10,0,0
I-17,0,0
I-18,0,0
I-20,0,0
I-29,0,0
I-32,0,1
I-33,1,1
I-37,1,1
I-39,1,1
I-42,1,1
I-46,1,1
I-53,1,1
I-54,1,1
I-56,1,1
I-67,0,0
I-85,1,1
I-86,1,1
I-87,1,1
I-9,0,0
I-93,1,1
I-98,1,1
I-99,1,1
J-11,0,0
J-13,0,0
J-25,0,0
J-26,0,0
J-3,0,0
J-37,1,1
J-38,1,1
J-4,0,0
J-41,1,1
J-43,1,1
J-46,1,1
J-49,1,1
J-5,0,0
J-50,1,1
J-54,1,1
J-62,0,0
J-65,0,0
J-7,0,0
J-8,0,0
J-87,1,1
J-88,1,1
J-90,1,1
J-95,1,1
J-98,1,1
K-2,0,0
K-23,0,0
K-27,0,0
K-30,0,0
K-33,1,1
K-34,1,1
K-45,1,1
K-53,1,1
K-56,0,0
K-57,0,0
K-59,0,0
K-6,0,0
K-62,0,0
K-67,0,0
K-70,0,0
K-73,0,0
K-76,1,1
K-77,1,1
K-8,0,0
K-84,1,1
K-85,1,1
K-91,1,1
K-97,1,1
K-99,1,1
L-11,0,0
L-16,0,0
L-39,1,1
L-41,1,1
L-5,0,0
L-53,1,1
L-55,0,1
L-57,0,0
L-63,0,0
L-67,0,0
L-78,1,1
L-81,1,1
L-86,1,1
L-95,1,1
L-97,1,1
L-98,1,0
M-11,0,0
M-25,0,0
M-26,0,1
M-28,0,0
M-34,1,1
M-35,1,1
M-50,1,1
M-58,0,0
M-66,0,0
M-70,0,0
M-76,1,1
M-78,1,1
M-79,1,1
M-8,0,0
M-80,1,1
M-90,1,1
M-92,1,1
M-93,1,1
N-15,0,0
N-16,0,0
N-23,0,0
N-25,0,0
N-3,0,0
N-30,0,0
N-33,1,1
N-36,1,1
N-38,1,1
N-5,0,0
N-59,0,0
N-62,0,0
N-70,0,0
N-74,0,0
N-8,0,0
N-81,1,1
N-83,1,1
N-84,1,1
N-94,1,1
O-11,0,0
O-2,0,0
O-23,0,0
O-31,1,1
O-35,1,1
O-36,1,1
O-38,1,1
O-39,1,1
O-5,0,0
O-50,1,1
O-58,0,0
O-64,0,0
O-65,0,0
O-73,0,0
O-76,1,1
O-80,1,1
O-89,1,1
O-94,1,1
O-96,1,1
P-16,0,0
P-19,0,0
P-23,0,0
P-25,0,1
P-26,1,1
P-28,1,1
P-30,1,1
P-40,1,1
P-41,1,1
P-43,1,1
P-44,1,1
P-51,1,1
P-53,1,1
P-60,0,0
P-66,0,0
P-68,0,0
P-7,0,0
P-74,0,0
P-75,0,0
P-76,1,1
P-77,1,1
P-8,0,0
P-81,1,1
P-85,1,1
P-89,1,1
P-92,1,1
P-97,1,1
Q-17,0,0
Q-25,1,1
Q-27,1,1
Q-29,1,1
Q-37,1,1
Q-38,1,1
Q-39,1,1
Q-50,1,1
Q-52,1,1
Q-56,0,0
Q-58,0,0
Q-66,0,0
Q-67,0,0
Q-68,0,0
Q-89,1,1
R-12,0,0
R-17,0,0
R-33,1,1
R-35,1,1
R-5,0,0
R-57,0,0
R-62,0,0
R-64,0,0
R-7,0,0
R-72,0,0
R-74,0,0
R-85,1,1
R-86,1,1
R-96,1,1
S-23,0,0
S-26,1,1
S-27,1,1
S-3,0,0
S-43,1,1
S-46,1,1
S-49,1,1
S-53,0,0
S-55,0,0
S-76,1,1
S-82,1,1
S-89,1,1
S-9,0,0
S-92,1,1
S-98,1,1
T-11,0,0
T-14,0,0
T-19,0,0
T-20,0,0
T-21,0,0
T-23,1,1
T-26,1,1
T-30,1,1
T-32,1,1
T-4,0,0
T-45,1,1
T-46,1,1
T-47,1,1
T-48,1,1
T-5,0,0
T-55,0,0
T-57,0,0
T-60,0,0
T-61,0,0
T-64,0,0
T-67,0,0
T-7,0,0
T-71,0,0
T-77,1,1
T-8,0,0
T-80,1,1
T-87,1,1
T-88,1,1
T-89,1,1
T-92,1,1
T-94,1,1
T-95,1,1
U-15,0,0
U-25,1,1
U-33,1,1
U-38,1,1
U-45,1,1
U-57,0,0
U-58,0,0
U-63,0,0
U-66,0,0
U-80,1,1
U-83,1,1
U-9,0,0
U-91,1,1
U-94,1,1
U-98,1,1
U-99,1,1
V-10,0,0
V-14,0,0
V-15,0,0
V-17,0,0
V-21,1,1
V-26,1,0
V-27,1,0
V-34,1,1
V-36,1,0
V-4,0,0
V-41,1,1
V-51,1,1
V-56,0,0
V-6,0,0
V-64,0,0
V-66,0,0
V-67,0,1
V-82,1,1
V-83,1,1
V-84,1,1
V-86,1,1
V-90,1,1
V-93,1,1
W-10,0,0
W-16,0,0
W-22,1,1
W-25,1,0
W-27,1,1
W-30,1,1
W-33,1,1
W-41,1,1
W-49,1,1
W-54,0,0
W-58,0,0
W-61,0,0
W-65,0,0
W-7,0,0
W-8,0,0
W-80,1,1
W-88,1,1
W-91,1,1
X-10,0,0
X-14,0,0
X-2,0,0
X-24,1,1
X-25,1,1
X-3,0,0
X-34,1,1
X-35,1,1
X-39,1,1
X-4,0,0
X-44,1,1
X-47,1,0
X-64,0,0
X-65,0,0
X-73,0,1
X-76,0,1
X-86,1,1
X-88,1,1
X-91,1,1
X-92,1,1
X-96,1,1
X-99,1,1
Y-12,0,0
Y-13,0,0
Y-18,1,1
Y-22,1,1
Y-27,1,1
Y-3,0,0
Y-39,1,1
Y-4,0,0
Y-42,1,1
Y-43,1,1
Y-60,0,0
Y-63,0,0
Y-66,0,0
Y-68,0,0
Y-75,0,0
Y-76,0,0
Y-78,1,1
Y-85,1,1
Y-94,1,1
Y-95,1,1
Y-96,1,1
Y-98,1,1
Z-11,0,0
Z-17,1,0
Z-18,1,1
Z-19,1,1
Z-2,0,1
Z-25,1,1
Z-28,1,1
Z-33,1,1
Z-37,1,1
Z-42,1,1
Z-45,1,1
Z-47,1,1
Z-50,0,0
Z-54,0,0
Z-56,0,0
Z-58,0,0
Z-62,0,0
Z-69,0,0
Z-7,0,0
Z-73,0,0
Z-79,0,0
Z-86,1,1
Z-94,1,1
AA-12,0,0
AA-22,1,1
AA-35,1,1
AA-4,0,1
AA-41,1,1
AA-42,1,1
AA-6,0,0
AA-69,0,0
AA-72,0,0
AA-75,0,0
AA-76,0,0
AA-82,0,0
AA-86,1,1
AA-87,1,1
AA-9,0,0
AA-93,1,1
AA-97,1,1
AB-11,0,1
AB-19,1,1
AB-23,1,1
AB-24,1,1
AB-28,1,1
AB-3,1,1
AB-31,1,1
AB-35,1,1
AB-40,1,1
AB-41,1,1
AB-42,1,1
AB-46,1,1
AB-5,1,1
AB-50,0,0
AB-56,0,0
AB-57,0,0
AB-64,0,0
AB-71,0,0
AB-72,0,0
AB-77,0,0
AB-78,0,0
AB-96,1,1
AC-12,1,1
AC-13,1,1
AC-18,1,1
AC-21,1,1
AC-22,1,1
AC-28,1,1
AC-30,1,1
AC-33,1,1
AC-36,1,1
AC-47,1,1
AC-48,0,1
AC-51,0,0
AC-52,0,0
AC-54,0,0
AC-58,0,0
AC-6,1,1
AC-62,0,0
AC-66,0,0
AC-67,0,0
AC-78,0,0
AC-83,0,0
AC-84,0,0
AC-85,1,1
AC-86,1,1
AC-87,1,1
AC-95,1,1
AC-96,1,1
AC-98,0,0
AD-19,1,1
AD-20,1,1
AD-27,1,1
AD-28,1,1
AD-31,1,1
AD-36,1,1
AD-41,1,1
AD-47,1,1
AD-5,1,1
AD-52,0,0
AD-53,0,0
AD-56,0,0
AD-58,0,0
AD-64,0,0
AD-66,0,0
AD-70,0,0
AD-74,0,0
AD-83,0,0
AD-85,1,1
AD-91,1,1
AD-93,1,1
AD-94,1,1
AE-13,1,1
AE-15,1,1
AE-17,1,1
AE-22,1,1
AE-28,1,1
AE-3,1,1
AE-37,1,1
AE-45,1,1
AE-50,0,0
AE-59,0,0
AE-61,0,0
AE-64,0,0
AE-67,0,0
AE-71,0,0
AE-73,0,0
AE-74,0,0
AE-75,0,0
AE-76,0,0
AE-8,1,1
AE-84,1,1
AE-90,1,1
AE-92,1,1
AF-11,1,1
AF-14,1,1
AF-18,1,1
AF-24,1,1
AF-32,1,1
AF-40,1,1
AF-41,1,1
AF-55,0,0
AF-57,0,0
AF-64,0,0
AF-72,0,0
AF-73,0,0
AF-80,0,0
AF-83,1,1
AF-99,0,1
AG-14,1,1
AG-18,1,1
AG-19,1,1
AG-2,1,1
AG-23,1,1
AG-36,1,1
AG-39,1,1
AG-59,0,0
AG-62,0,0
AG-64,0,0
AG-85,1,1
AG-91,1,1
AG-97,0,0
AH-2,1,1
AH-28,1,1
AH-3,1,1
AH-36,1,1
AH-41,1,1
AH-49,0,0
AH-55,0,0
AH-58,0,0
AH-62,0,0
AH-63,0,0
AH-67,0,0
AH-69,0,0
AH-71,0,0
AH-85,1,1
AH-89,1,1
AH-9,1,1
AH-92,1,1
AH-94,0,1
AH-95,0,1
AI-13,1,1
AI-20,1,1
AI-23,1,1
AI-28,1,1
AI-33,1,1
AI-35,1,1
AI-39,1,1
AI-47,0,0
AI-49,0,0
AI-56,0,0
AI-60,0,0
AI-67,0,0
AI-75,0,0
AI-81,1,1
AI-92,0,1
AI-98,0,0
AJ-11,1,1
AJ-13,1,1
AJ-14,1,1
AJ-15,1,1
AJ-2,1,1
AJ-20,1,1
AJ-23,1,1
AJ-29,1,1
AJ-30,1,1
AJ-33,1,1
AJ-37,1,1
AJ-39,1,1
AJ-46,0,1
AJ-47,0,0
AJ-53,0,0
AJ-55,0,0
AJ-6,1,1
AJ-61,0,0
AJ-74,0,0
AJ-75,0,0
AJ-79,1,1
AJ-82,1,1
AJ-84,1,1
AJ-89,1,1
AJ-95,0,1
AJ-96,0,0
AJ-98,0,0
AK-11,1,1
AK-12,1,1
AK-19,1,1
AK-23,1,1
AK-30,1,1
AK-36,1,1
AK-42,1,1
AK-44,1,1
AK-58,0,0
AK-66,0,0
AK-67,0,0
AK-71,0,0
AK-84,1,1
AK-85,1,1
AK-86,1,1
AK-87,1,1
AK-9,1,1
AK-91,0,0
AL-14,1,1
AL-23,1,1
AL-34,1,1
AL-37,1,1
AL-40,1,1
AL-48,0,0
AL-49,0,0
AL-51,0,0
AL-53,0,0
AL-62,0,0
AL-64,0,0
AL-66,0,0
AL-69,0,0
AL-76,0,0
AL-77,0,1
AL-8,1,1
AL-87,1,1
AL-91,0,0
AL-96,0,0
AM-10,1,1
AM-11,1,1
AM-20,1,1
AM-26,1,1
AM-35,1,1
AM-4,1,1
AM-54,0,0
AM-6,1,1
AM-61,0,0
AM-7,1,1
AM-70,0,0
AM-77,0,0
AM-79,0,1
AM-8,1,1
AM-80,0,0
AM-87,1,1
AM-88,0,1
AM-9,1,1
AM-94,0,0
AN-13,1,1
AN-14,1,1
AN-15,1,1
AN-22,1,1
AN-26,1,1
AN-32,1,1
AN-36,1,1
AN-37,1,1
AN-38,1,1
AN-41,1,1
AN-5,1,1
AN-53,0,0
AN-54,0,0
AN-57,0,0
AN-6,1,1
AN-61,0,0
AN-64,0,0
AN-69,0,0
AN-7,1,1
AN-73,0,0
AN-8,1,1
AN-81,0,1
AN-82,0,1
AN-83,0,1
AN-9,1,1
AN-92,0,0
AN-97,0,0
AO-12,1,1
AO-16,1,1
AO-17,1,1
AO-19,1,1
AO-24,1,1
AO-26,1,1
AO-3,1,1
AO-34,1,1
AO-35,1,1
AO-37,1,1
AO-41,1,1
AO-46,0,0
AO-54,0,0
AO-55,0,0
AO-6,1,1
AO-60,0,0
AO-61,0,0
AO-63,0,0
AO-71,0,0
AO-74,0,0
AO-78,0,0
AO-79,0,0
AO-8,1,1
AO-83,0,0
AO-90,0,0
AO-96,0,0
AP-10,1,1
AP-28,1,1
AP-29,1,1
AP-35,1,1
AP-41,1,1
AP-68,0,0
AP-71,0,0
AP-73,0,0
AP-74,0,0
AP-77,0,0
AP-78,0,0
AP-80,0,0
AP-86,0,0
AP-9,1,1
AP-94,0,0
AP-98,0,0
AQ-10,1,1
AQ-13,1,1
AQ-30,1,1
AQ-44,0,0
AQ-45,0,0
AQ-47,0,0
AQ-52,0,0
AQ-53,0,0
AQ-58,0,0
AQ-64,0,0
AQ-69,0,0
AQ-73,0,0
AQ-74,0,0
AQ-76,0,0
AQ-79,0,0
AQ-84,0,0
AQ-90,0,0
AQ-92,0,0
AQ-98,0,0
AQ-99,0,0
AR-12,1,1
AR-13,1,1
AR-15,1,1
AR-2,1,1
AR-27,1,1
AR-31,1,1
AR-36,1,1
AR-41,1,1
AR-44,1,1
AR-47,0,0
AR-55,0,0
AR-62,0,0
AR-7,1,1
AR-72,0,0
AR-73,0,0
AR-78,0,0
AR-81,0,0
AR-83,0,0
AR-90,0,0
AR-93,0,0
AR-94,0,0
AS-20,1,1
AS-23,1,1
AS-33,1,1
AS-36,1,1
AS-39,1,1
AS-42,1,1
AS-43,1,1
AS-46,0,0
AS-47,0,0
AS-53,0,0
AS-54,0,0
AS-69,0,0
AS-7,1,1
AS-73,0,0
AS-75,0,0
AS-79,0,0
AS-8,1,1
AS-81,0,0
AS-82,0,0
AS-83,0,0
AS-86,0,0
AS-90,0,0
AS-91,0,0
AS-92,0,0
AT-26,1,1
AT-28,1,1
AT-38,1,1
AT-41,1,1
AT-45,0,0
AT-46,0,0
AT-47,0,0
AT-48,0,0
AT-56,0,0
AT-59,0,0
AT-61,0,0
AT-70,0,0
AT-74,0,0
AT-77,0,0
AT-80,0,0
AU-12,1,1
AU-16,1,1
AU-21,1,1
AU-23,1,1
AU-33,1,1
AU-4,1,1
AU-40,1,1
AU-45,0,0
AU-46,0,0
AU-49,0,0
AU-5,1,1
AU-57,0,0
AU-58,0,0
AU-63,0,0
AU-64,0,0
AU-71,0,0
AU-76,0,0
AU-82,0,0
AU-83,0,0
AU-96,0,0
AU-97,0,0
AU-98,0,0
AU-99,0,0
AV-18,1,1
AV-2,1,1
AV-25,1,1
AV-27,1,1
AV-29,1,1
AV-3,1,1
AV-31,1,1
AV-33,1,1
AV-42,1,1
AV-46,0,0
AV-47,0,0
AV-56,0,0
AV-63,0,0
AV-65,0,0
AV-66,0,0
AW-12,1,1
AW-17,1,1
AW-29,1,1
AW-31,1,1
AW-35,1,1
AW-36,1,1
AW-38,1,1
AW-50,0,0
AW-54,0,0
AW-58,0,0
AW-59,0,0
AW-61,0,0
AW-65,0,0
AW-7,1,1
AW-8,1,1
AW-9,1,1
AX-10,1,1
AX-15,1,1
AX-16,1,1
AX-17,1,1
AX-20,1,1
AX-22,1,1
AX-24,1,1
AX-27,1,1
AX-37,1,1
AX-38,1,1
AX-39,1,1
AX-42,1,1
AX-43,1,1
AX-52,0,0
AX-56,0,1
AX-63,0,0
AX-64,0,0
AY-11,1,1
AY-25,1,1
AY-3,1,1
AY-34,1,1
AY-38,1,1
AY-39,1,1
AY-41,1,1
AY-65,0,0
AY-66,0,0
AZ-10,1,1
AZ-16,1,1
AZ-19,1,1
AZ-22,1,1
AZ-25,1,1
AZ-27,1,1
AZ-30,1,1
AZ-32,1,1
AZ-42,1,1
AZ-43,1,1
AZ-45,1,1
AZ-46,1,1
AZ-56,1,1
AZ-59,0,0
AZ-60,0,0
AZ-66,0,0
B-36,1,1
B-39,1,1
B-41,1,1
B-47,1,1
B-49,1,1
B-51,1,1
B-54,1,1
B-58,1,1
B-64,1,1
B-67,0,0
B-72,0,0
B-79,1,1
B-83,1,1
B-97,1,1
BA-12,1,1
BA-20,1,1
BA-33,1,1
BA-36,1,1
BA-38,1,1
BA-39,1,1
BA-40,1,1
BA-42,1,1
BA-45,1,1
BA-50,1,1
BA-52,1,1
BA-62,0,0
BA-64,0,0
BA-65,0,0
BB-16,1,1
BB-21,1,1
BB-22,1,1
BB-32,1,1
BB-42,1,1
BB-44,1,1
BB-48,1,1
BB-57,0,0
BB-65,0,0
BC-11,1,1
BC-23,1,1
BC-26,1,1
BC-28,1,1
BC-30,1,1
BC-33,1,1
BC-4,1,1
BC-47,1,1
BC-48,1,1
BC-50,1,1
BC-51,1,1
BC-54,0,1
BC-62,0,0
BC-9,1,1
BD-23,1,1
BD-3,1,1
BD-32,1,1
BD-36,1,1
BD-48,1,1
BD-50,1,1
BD-56,0,0
BD-59,0,0
BE-10,1,1
BE-13,1,1
BE-17,1,1
BE-22,1,1
BE-23,1,1
BE-49,1,1
BE-51,1,1
BE-54,0,0
BF-13,1,1
BF-20,1,1
BF-25,1,1
BF-3,1,1
BF-30,1,1
BF-36,1,1
BF-45,1,1
BF-53,0,0
BF-58,0,0
BF-66,0,0
BF-8,1,1
BG-13,1,1
BG-16,1,1
BG-18,1,1
BG-22,1,1
BG-23,1,1
BG-30,1,1
BG-38,1,1
BG-53,0,0
BG-55,0,0
BG-61,0,1
BG-9,1,1
BH-11,1,1
BH-14,1,1
BH-3,1,1
BH-31,1,1
BH-4,1,1
BH-43,1,1
BH-45,1,1
BH-47,1,1
BH-50,0,0
BH-6,1,1
BH-62,0,1
BH-65,0,0
BH-66,0,0
BI-10,1,1
BI-13,1,1
BI-16,1,1
BI-26,1,1
BI-28,1,1
BI-30,1,1
BI-31,1,1
BI-34,1,1
BI-38,1,1
BI-4,1,1
BI-49,0,1
BI-5,1,1
BI-53,0,0
BI-66,0,0
BJ-15,1,1
BJ-16,1,1
BJ-19,1,1
BJ-21,1,1
BJ-23,1,1
BJ-3,1,1
BJ-36,1,1
BJ-47,1,0
BJ-52,0,0
BJ-60,0,1
BJ-66,0,0
BK-11,1,1
BK-19,1,1
BK-23,1,1
BK-3,1,1
BK-35,1,1
BK-36,1,1
BK-41,1,1
BK-43,1,1
BK-53,0,0
BK-56,0,0
BK-57,0,0
BK-58,0,0
BK-65,0,0
BL-11,1,1
BL-12,1,1
BL-20,1,1
BL-22,1,1
BL-26,1,1
BL-33,1,1
BL-35,1,1
BL-37,1,1
BL-38,1,1
BL-4,1,1
BL-41,1,1
BL-43,1,1
BL-45,1,1
BL-48,0,0
BL-53,0,0
BL-8,1,1
BM-12,1,1
BM-13,1,1
BM-22,1,1
BM-3,1,1
BM-45,0,1
BM-58,0,0
BM-8,1,1
BN-10,1,1
BN-18,1,1
BN-20,1,1
BN-25,1,1
BN-27,1,1
BN-30,1,1
BN-35,1,1
BN-36,1,1
BN-39,1,1
BN-43,1,1
BN-50,0,0
BN-57,0,0
BN-60,0,0
BN-65,0,0
BN-66,0,1
BO-23,1,1
BO-27,1,1
BO-31,1,1
BO-33,1,1
BO-35,1,1
BO-41,1,1
BO-5,1,1
BO-54,0,0
BO-59,0,0
BO-61,0,1
BP-16,1,1
BP-17,1,1
BP-20,1,1
BP-27,1,1
BP-29,1,1
BP-30,1,1
BP-37,1,1
BP-39,1,1
BP-55,0,0
BP-62,0,0
BP-64,0,0
BP-66,0,0
BQ-11,1,1
BQ-13,1,1
BQ-15,1,1
BQ-22,1,1
BQ-24,1,1
BQ-27,1,1
BQ-36,1,1
BQ-37,1,1
BQ-40,1,1
BQ-41,0,1
BQ-46,0,0
BQ-5,1,1
BQ-54,0,0
BQ-66,0,0
BQ-7,1,1
BQ-8,1,1
BR-13,1,1
BR-18,1,1
BR-26,1,1
BR-3,1,1
BR-38,1,1
BR-39,1,1
BR-41,0,1
BR-42,0,1
BR-50,0,0
BR-59,0,0
BR-6,1,1
BR-60,0,0
BR-65,0,0
BR-8,1,1
BS-10,1,1
BS-20,1,1
BS-21,1,1
BS-23,1,1
BS-24,1,1
BS-26,1,1
BS-33,1,1
BS-34,1,1
BS-43,0,0
BS-44,0,0
BS-61,0,0
BS-63,0,0
BS-66,0,0
BS-9,1,1
BT-16,1,1
BT-17,1,1
BT-28,1,1
BT-31,1,1
BT-39,1,1
BT-5,1,1
BT-51,0,0
BT-58,0,0
BT-62,0,0
BT-65,0,0
BU-13,1,1
BU-16,1,1
BU-2,1,1
BU-25,1,1
BU-27,1,1
BU-28,1,1
BU-31,1,1
BU-35,1,1
BU-36,1,1
BU-39,0,1
BU-41,0,0
BU-47,0,0
BU-52,0,0
BU-57,0,0
BV-11,1,1
BV-15,1,1
BV-3,1,1
BV-39,0,1
BV-43,0,0
BV-44,0,0
BV-45,0,0
BV-54,0,0
BV-58,0,0
BV-59,0,0
BV-60,0,0
BV-7,1,1
BW-22,1,1
BW-24,1,1
BW-29,1,1
BW-32,1,1
BW-35,1,1
BW-38,0,0
BW-40,0,0
BW-42,0,0
BW-49,0,0
BW-9,1,1
BX-11,1,1
BX-17,1,1
BX-19,1,1
BX-25,1,1
BX-27,1,1
BX-28,1,1
BX-36,1,1
BX-39,0,0
BX-43,0,0
BX-45,0,0
BX-46,0,0
BX-5,1,1
BX-56,0,0
BX-7,1,1
BY-20,1,1
BY-23,1,1
BY-26,1,1
BY-36,0,1
BY-4,1,1
BY-41,0,0
BY-45,0,0
BY-49,0,0
BY-51,0,0
BY-52,1,1
BY-58,0,0
BY-65,0,0
BY-66,0,0
BY-7,1,1
BY-8,1,1
BZ-12,1,1
BZ-15,1,1
BZ-26,1,1
BZ-34,1,1
BZ-38,0,0
BZ-41,0,0
BZ-42,0,0
BZ-46,0,0
BZ-51,0,0
BZ-57,0,0
BZ-63,0,0
BZ-66,0,0
C-12,0,0
C-14,0,0
C-20,0,0
C-29,0,1
C-36,1,1
C-39,1,1
C-41,1,1
C-46,1,1
C-5,0,0
C-51,1,1
C-57,1,1
C-66,0,1
C-69,0,0
C-70,0,0
C-73,0,0
C-87,1,1
C-90,1,1
CA-15,1,1
CA-17,1,1
CA-18,1,1
CA-19,1,1
CA-23,1,1
CA-28,1,1
CA-30,1,1
CA-32,1,1
CA-36,0,0
CA-38,0,0
CA-4,1,1
CA-5,1,1
CA-50,0,1
CA-52,1,1
CA-55,0,1
CA-58,0,0
CA-6,1,1
CA-66,0,0
CB-12,1,1
CB-14,1,1
CB-20,1,1
CB-21,1,1
CB-22,1,1
CB-29,1,1
CB-33,1,1
CB-41,0,0
CB-50,1,1
CB-51,1,1
CB-7,1,1
CB-8,1,1
CC-12,1,1
CC-21,1,1
CC-22,1,1
CC-23,1,1
CC-24,1,1
CC-26,1,1
CC-28,1,1
CC-29,1,1
CC-3,1,1
CC-30,1,1
CC-31,1,1
CC-33,1,1
CC-56,1,1
CC-60,0,0
CC-61,0,0
CC-62,0,0
CD-16,1,1
CD-18,1,1
CD-19,1,1
CD-20,1,1
CD-21,1,1
CD-30,1,1
CD-32,1,1
CD-33,1,1
CD-40,0,0
CD-44,1,0
CD-50,1,1
CD-52,1,1
CD-53,1,1
CD-56,1,1
CD-64,0,0
CD-65,0,0
CE-15,1,1
CE-17,1,1
CE-33,1,1
CE-34,0,0
CE-35,0,0
CE-5,1,1
CE-54,1,1
CE-56,1,1
CE-59,0,1
CE-7,1,1
CE-8,1,1
CF-13,1,1
CF-16,1,1
CF-19,1,1
CF-24,1,1
CF-27,1,1
CF-3,1,0
CF-30,1,1
CF-34,0,0
CF-37,0,0
CF-4,1,1
CF-41,1,1
CF-45,1,1
CF-47,1,1
CF-55,1,1
CF-61,0,0
CF-62,0,0
CG-13,1,1
CG-2,1,0
CG-22,1,1
CG-33,1,0
CG-38,0,0
CG-46,1,1
CG-50,1,1
CG-57,0,1
CG-59,1,1
CG-64,0,0
CG-65,0,0
CG-8,1,1
CH-12,1,1
CH-13,1,1
CH-16,1,1
CH-18,1,1
CH-25,1,1
CH-29,1,1
CH-33,1,0
CH-36,0,0
CH-43,1,1
CH-44,1,1
CH-50,1,1
CH-52,1,1
CH-57,0,0
CH-64,0,1
CH-8,1,1
CI-11,1,0
CI-12,1,1
CI-21,1,1
CI-32,1,1
CI-37,0,0
CI-40,1,1
CI-46,1,1
CI-49,1,1
CI-53,1,1
CI-56,0,0
CI-61,0,0
CJ-12,1,1
CJ-14,1,1
CJ-29,1,1
CJ-33,1,1
CJ-34,1,0
CJ-38,1,1
CJ-39,1,1
CJ-44,1,1
CJ-52,1,1
CJ-64,0,0
CK-14,1,1
CK-17,1,1
CK-24,1,1
CK-33,1,1
CK-39,1,1
CK-49,1,1
CK-55,0,0
CK-59,0,1
CK-6,1,1
CK-62,0,1
CL-10,1,1
CL-16,1,1
CL-21,1,1
CL-25,1,1
CL-33,1,1
CL-37,1,1
CL-38,1,1
CL-40,1,1
CL-5,1,1
CL-52,1,1
CL-6,1,1
CL-61,0,1
CM-11,1,1
CM-16,1,1
CM-23,1,1
CM-24,1,1
CM-26,1,1
CM-3,1,1
CM-36,1,1
CM-37,1,1
CM-41,1,1
CM-42,1,1
CM-51,1,1
CM-52,1,1
CM-55,0,1
CM-58,0,1
CM-9,1,1
CN-10,1,1
CN-19,1,1
CN-23,1,1
CN-27,1,1
CN-32,1,1
CN-36,1,1
CN-4,1,1
CN-47,1,1
CN-48,1,1
CN-54,1,1
CN-63,0,1
CO-11,1,1
CO-16,1,1
CO-19,1,1
CO-2,1,1
CO-25,1,1
CO-29,1,1
CO-30,1,1
CO-31,1,1
CO-36,1,1
CO-4,1,1
CO-41,1,1
CO-45,1,1
CO-49,1,1
CO-51,1,1
CO-60,0,0
CO-62,0,1
CO-7,1,1
CO-9,1,1
CP-11,1,1
CP-23,1,1
CP-26,1,1
CP-29,1,1
CP-30,1,1
CP-31,1,1
CP-32,1,1
CP-33,1,1
CP-42,1,1
CP-48,1,1
CP-52,1,1
CP-53,1,1
CP-61,0,0
CP-65,0,1
CP-8,1,1
CQ-15,1,1
CQ-21,1,1
CQ-26,1,1
CQ-41,1,1
CQ-44,1,1
CQ-47,1,1
CQ-56,0,0
CR-10,1,1
CR-12,1,1
CR-34,1,1
CR-35,1,1
CR-36,1,1
CR-4,1,1
CR-41,1,1
CR-43,1,1
CR-58,0,0
CR-59,0,0
CR-8,1,1
CR-9,1,1
CS-12,1,1
CS-15,1,1
CS-2,1,1
CS-20,1,1
CS-24,1,1
CS-26,1,1
CS-34,1,1
CS-37,1,1
CS-39,1,1
CS-40,1,1
CS-56,0,1
CS-63,0,0
CS-64,0,0
CS-66,0,0
CT-16,1,1
CT-20,1,1
CT-21,1,1
CT-22,1,1
CT-3,1,1
CT-31,1,1
CT-32,1,1
CT-33,1,1
CT-37,1,0
CT-4,1,1
CT-43,1,1
CT-44,1,1
CT-48,1,1
CT-5,1,1
CT-57,0,1
CT-64,0,0
CT-7,1,1
CU-11,1,1
CU-13,1,1
CU-15,1,1
CU-19,1,1
CU-22,1,1
CU-38,1,1
CU-48,1,1
CU-49,0,1
CU-57,0,0
CU-6,1,1
CU-62,0,1
CU-65,0,0
CV-18,1,1
CV-28,1,1
CV-30,1,1
CV-34,1,1
CV-36,1,1
CV-50,0,1
CV-64,0,1
CV-65,0,0
CW-14,1,1
CW-19,1,1
CW-2,1,1
CW-21,1,1
CW-25,1,1
CW-3,1,1
CW-31,1,1
CW-4,1,1
CW-48,1,1
CW-49,0,1
CW-64,0,1
CW-8,1,1
CX-13,1,1
CX-19,1,1
CX-21,1,1
CX-28,1,0
CX-29,1,1
CX-38,1,1
CX-42,1,1
CX-45,1,1
CX-46,1,1
CX-58,0,0
CX-6,1,0
CY-16,1,1
CY-17,1,1
CY-2,1,1
CY-31,1,1
CY-37,1,1
CY-39,1,1
CY-42,1,1
CY-47,1,1
CY-5,1,0
CY-52,0,0
CY-53,0,0
CY-58,0,0
CY-6,1,0
CY-64,1,1
CZ-11,1,1
CZ-23,1,1
CZ-28,1,0
CZ-29,1,0
CZ-3,1,1
CZ-30,1,0
CZ-32,1,1
CZ-33,1,1
CZ-34,1,1
CZ-37,1,1
CZ-45,1,1
CZ-52,0,0
CZ-60,1,0
CZ-62,1,1
D-11,0,0
D-16,0,0
D-2,0,0
D-23,0,0
D-26,0,0
D-34,1,1
D-46,1,1
D-51,1,1
D-54,1,1
D-58,1,1
D-73,0,0
D-74,0,0
D-76,0,1
D-82,1,1
D-87,1,1
D-93,1,1
D-94,1,1
DA-11,1,1
DA-16,1,0
DA-17,1,1
DA-18,1,1
DA-21,1,1
DA-27,1,1
DA-28,1,1
DA-31,1,1
DA-34,1,1
DA-39,1,1
DA-46,1,1
DA-5,1,1
DA-50,1,1
DA-51,1,1
DA-57,1,1
DA-59,1,1
DA-60,1,1
DB-10,1,1
DB-15,1,1
DB-18,1,1
DB-24,1,1
DB-29,1,1
DB-3,1,0
DB-31,1,1
DB-33,1,1
DB-34,1,1
DB-35,1,1
DB-4,1,1
DB-40,1,1
DB-46,1,1
DB-49,1,1
DB-5,1,1
DB-52,1,1
DB-54,1,1
DB-55,1,1
DB-59,1,1
DB-66,1,1
DC-12,1,1
DC-16,1,1
DC-22,1,1
DC-24,1,1
DC-30,1,1
DC-37,1,1
DC-41,1,1
DC-51,1,1
DC-55,1,1
DC-57,1,1
DD-11,1,1
DD-19,1,1
DD-28,1,1
DD-38,1,1
DD-4,1,1
DD-45,1,1
DD-48,1,0
DD-51,1,1
DD-56,1,1
DE-22,1,1
DE-27,1,1
DE-3,1,1
DE-30,1,1
DE-37,1,1
DE-38,1,1
DE-46,1,1
DE-47,1,0
DE-48,1,1
DE-55,1,1
DE-56,1,1
DE-65,1,0
DE-8,1,1
DF-15,1,1
DF-21,1,1
DF-24,1,1
DF-25,1,1
DF-27,1,1
DF-32,1,1
DF-34,1,1
DF-4,1,1
DF-44,1,0
DF-46,1,0
DF-51,1,0
DF-54,1,1
DF-65,1,0
DG-23,1,1
DG-28,1,1
DG-4,1,1
DG-41,1,0
DG-48,1,1
DG-53,1,0
DG-55,1,0
DG-56,1,1
DG-6,1,1
DG-7,1,1
DG-8,1,1
DG-9,1,1
E-17,0,0
E-30,0,1
E-38,1,1
E-60,1,1
E-63,1,1
E-65,0,1
E-73,0,0
E-92,1,1
E-93,1,1
E-97,1,1
F-2,0,0
F-27,0,0
F-28,0,0
F-30,0,1
F-38,1,1
F-43,1,1
F-44,1,1
F-45,1,1
F-46,1,1
F-52,1,1
F-56,1,1
F-61,0,0
F-65,0,0
F-66,0,0
F-8,0,0
F-88,1,1
F-96,1,1
G-11,0,0
G-19,0,0
G-20,0,0
G-24,0,0
G-29,0,1
G-3,0,0
G-31,0,1
G-36,1,1
G-37,1,1
G-49,1,1
G-57,1,1
G-60,0,1
G-7,0,0
G-70,0,0
G-72,0,0
G-87,1,1
G-89,1,1
G-96,1,1
G-98,1,1
H-16,0,0
H-27,0,0
H-28,0,0
H-30,0,0
H-34,1,1
H-38,1,1
H-53,1,1
H-54,1,1
H-55,1,1
H-58,1,1
H-59,0,1
H-64,0,0
H-65,0,1
H-75,0,0
H-8,0,0
H-89,1,1
I-14,0,0
I-34,1,1
I-35,1,1
I-36,1,1
I-44,1,1
I-48,1,1
I-49,1,1
I-57,0,1
I-59,0,1
I-62,0,0
I-65,0,0
I-77,1,1
I-81,1,1
I-94,1,1
I-97,1,1
J-23,0,0
J-34,1,1
J-42,1,1
J-47,1,1
J-48,1,1
J-52,1,1
J-55,1,1
J-57,0,1
J-58,0,1
J-59,0,1
J-60,0,0
J-63,0,0
J-70,0,0
J-72,0,0
J-74,0,0
J-75,0,0
J-81,1,1
J-82,1,1
J-9,0,0
J-91,1,1
J-94,1,1
J-99,1,1
K-10,0,0
K-12,0,0
K-14,0,0
K-16,0,0
K-22,0,0
K-24,0,0
K-26,0,0
K-31,0,0
K-35,1,1
K-50,1,1
K-63,0,0
K-66,0,0
K-7,0,0
K-72,0,0
K-74,0,0
K-82,1,1
K-88,1,1
K-94,1,1
L-10,0,0
L-12,0,0
L-14,0,0
L-17,0,0
L-19,0,0
L-20,0,0
L-21,0,0
L-22,0,0
L-26,0,0
L-35,1,1
L-61,0,0
L-71,0,0
L-79,1,1
L-87,1,1
L-91,1,1
L-92,1,1
M-22,0,0
M-29,0,0
M-36,1,1
M-37,1,1
M-38,1,1
M-39,1,1
M-4,0,0
M-43,1,1
M-48,1,1
M-5,0,0
M-56,0,0
M-57,0,0
M-59,0,0
M-63,0,0
M-75,0,1
M-85,1,1
M-94,1,1
M-98,1,1
N-11,0,0
N-13,0,0
N-14,0,0
N-18,0,0
N-2,0,0
N-22,0,0
N-32,1,1
N-37,1,1
N-41,1,1
N-42,1,1
N-44,1,1
N-46,1,1
N-47,1,1
N-49,1,1
N-51,1,1
N-53,1,1
N-56,0,0
N-57,0,0
N-58,0,0
N-6,0,0
N-65,0,0
N-66,0,0
N-7,0,0
N-72,0,0
N-73,0,0
N-88,1,1
N-99,1,1
O-12,0,0
O-27,1,1
O-28,1,0
O-34,1,1
O-41,1,1
O-42,1,1
O-46,1,1
O-47,1,1
O-48,1,1
O-49,1,1
O-51,1,1
O-54,0,1
O-57,0,0
O-59,0,0
O-62,0,0
O-82,1,1
O-85,1,1
O-86,1,1
O-95,1,1
P-11,0,0
P-24,0,0
P-33,1,1
P-38,1,1
P-42,1,1
P-45,1,1
P-47,1,1
P-55,0,0
P-57,0,0
P-59,0,0
P-61,0,0
P-71,0,0
P-87,1,1
P-90,1,1
P-94,1,1
P-96,1,1
Q-19,0,0
Q-20,0,0
Q-3,0,0
Q-35,1,1
Q-41,1,1
Q-42,1,1
Q-45,1,1
Q-49,1,1
Q-53,0,1
Q-59,0,0
Q-63,0,0
Q-65,0,0
Q-74,0,1
Q-78,1,1
Q-79,1,1
Q-81,1,1
Q-85,1,1
Q-86,1,1
Q-91,1,1
Q-93,1,1
Q-94,1,1
Q-97,1,1
Q-98,1,1
R-14,0,0
R-23,0,0
R-26,1,1
R-28,1,1
R-30,1,1
R-31,1,1
R-34,1,1
R-40,1,1
R-43,1,1
R-44,1,1
R-45,1,1
R-48,1,1
R-51,1,1
R-70,0,0
R-83,1,1
R-88,1,1
R-94,1,1
R-98,1,1
S-13,0,0
S-16,0,0
S-2,0,0
S-30,1,1
S-37,1,1
S-47,1,0
S-54,0,0
S-61,0,0
S-65,0,0
S-79,1,1
S-8,0,0
S-83,1,1
S-91,1,1
T-16,0,0
T-22,0,0
T-28,1,1
T-35,1,1
T-36,1,1
T-37,1,1
T-38,1,1
T-39,1,1
T-42,1,1
T-49,1,1
T-53,0,0
T-59,0,0
T-62,0,0
T-69,0,0
T-72,0,0
T-74,1,1
T-75,1,1
T-76,1,1
T-82,1,1
T-9,0,0
T-90,1,1
T-91,1,1
T-93,1,1
T-96,1,1
T-99,1,1
U-14,0,0
U-16,0,0
U-27,1,1
U-29,1,1
U-32,1,1
U-4,0,0
U-42,1,1
U-43,1,1
U-5,0,0
U-52,0,0
U-54,0,0
U-55,0,0
U-6,0,0
U-62,0,0
U-65,0,0
U-67,0,0
U-68,0,0
U-69,0,0
U-70,0,0
U-73,0,1
U-79,1,1
U-8,0,0
U-82,1,1
U-86,1,1
U-89,1,1
U-90,1,1
U-92,1,1
U-97,1,1
V-2,0,0
V-24,1,1
V-25,1,1
V-29,1,0
V-32,1,1
V-38,1,0
V-39,1,1
V-43,1,1
V-44,1,1
V-48,1,1
V-50,1,1
V-60,0,0
V-61,0,0
V-62,0,0
V-68,0,0
V-70,0,0
V-71,0,0
V-73,0,0
V-77,1,1
V-89,1,1
V-9,0,0
V-95,1,1
V-97,1,1
W-12,0,0
W-15,0,0
W-18,0,0
W-19,1,0
W-26,1,1
W-29,1,1
W-3,0,0
W-44,1,0
W-45,1,1
W-46,1,0
W-47,1,0
W-48,1,0
W-51,0,1
W-64,0,0
W-74,0,1
W-89,1,1
W-9,0,0
W-92,1,1
W-97,1,1
W-98,1,1
X-13,0,0
X-19,1,1
X-30,1,1
X-31,1,1
X-32,1,1
X-37,1,1
X-43,1,1
X-51,0,0
X-55,0,0
X-61,0,0
X-66,0,0
X-68,0,0
X-69,0,0
X-77,1,1
X-8,0,0
X-81,1,1
X-84,1,1
X-9,0,0
X-90,1,1
X-97,1,1
Y-21,1,1
Y-23,1,1
Y-26,1,1
Y-30,1,1
Y-31,1,1
Y-34,1,1
Y-38,1,1
Y-40,1,1
Y-45,1,1
Y-48,1,0
Y-5,0,0
Y-64,0,0
Y-7,0,0
Y-8,0,0
Y-91,1,1
Y-92,1,1
Y-93,1,1
Y-97,1,1
Y-99,0,1
Z-12,0,0
Z-13,0,0
Z-16,0,1
Z-20,1,1
Z-23,1,1
Z-40,1,1
Z-43,1,1
Z-5,0,0
Z-55,0,0
Z-61,0,0
Z-65,0,0
Z-66,0,0
Z-67,0,0
Z-72,0,0
Z-85,1,1
Z-87,1,1
Z-88,1,1
Z-90,1,1
Z-93,1,1
Z-98,1,1
AA-15,1,1
AA-17,1,1
AA-27,1,1
AA-3,1,1
AA-30,1,1
AA-34,1,1
AA-45,1,1
AA-5,0,0
AA-50,0,0
AA-58,0,0
AA-68,0,0
AA-79,0,0
AA-8,0,0
AA-85,1,0
AA-88,1,1
AA-89,1,0
AA-91,1,1
AA-92,1,1
AA-95,1,1
AB-10,0,1
AB-13,1,1
AB-2,1,1
AB-22,1,1
AB-32,1,1
AB-33,1,1
AB-49,0,1
AB-58,0,0
AB-6,0,1
AB-62,0,0
AB-66,0,0
AB-67,0,0
AB-73,0,0
AB-88,1,0
AB-99,0,1
AC-11,1,1
AC-25,1,1
AC-38,1,1
AC-40,1,1
AC-42,1,1
AC-45,1,1
AC-69,0,0
AC-7,0,1
AC-71,0,0
AC-76,0,0
AC-77,0,0
AC-8,0,1
AC-89,1,0
AC-92,1,1
AC-99,0,1
AD-10,1,1
AD-17,1,1
AD-25,1,1
AD-30,1,1
AD-32,1,1
AD-33,1,1
AD-37,1,1
AD-38,1,1
AD-4,1,1
AD-48,1,1
AD-51,0,0
AD-55,0,0
AD-59,0,0
AD-61,0,0
AD-62,0,0
AD-63,0,0
AD-72,0,0
AD-8,1,1
AD-80,0,0
AD-92,1,1
AE-11,1,1
AE-14,1,1
AE-16,1,1
AE-19,1,1
AE-2,1,1
AE-33,1,1
AE-38,1,1
AE-43,1,1
AE-44,1,1
AE-46,1,1
AE-47,1,1
AE-49,0,0
AE-5,1,1
AE-55,0,0
AE-57,0,0
AE-6,1,1
AE-62,0,0
AE-65,0,0
AE-68,0,0
AE-7,1,1
AE-78,0,0
AE-79,0,0
AE-81,0,0
AE-82,0,0
AE-86,1,1
AE-87,1,1
AE-88,1,1
AE-94,1,1
AE-96,0,1
AE-97,0,1
AE-98,0,1
AF-13,1,1
AF-21,1,1
AF-23,1,1
AF-33,1,1
AF-35,1,1
AF-36,1,1
AF-4,1,1
AF-42,1,1
AF-44,1,0
AF-45,1,1
AF-46,1,1
AF-47,1,1
AF-5,1,1
AF-51,0,0
AF-52,0,0
AF-54,0,0
AF-56,0,0
AF-61,0,0
AF-62,0,0
AF-65,0,0
AF-66,0,0
AF-70,0,0
AF-77,0,1
AF-84,1,1
AF-88,1,1
AF-89,1,1
AF-92,1,1
AF-93,1,1
AG-12,1,1
AG-20,1,1
AG-24,1,1
AG-28,1,1
AG-31,1,1
AG-34,1,1
AG-46,0,0
AG-5,1,1
AG-53,0,0
AG-54,0,0
AG-57,0,0
AG-60,0,0
AG-61,0,0
AG-71,0,0
AG-72,0,0
AG-74,0,0
AG-76,0,0
AG-8,1,1
AG-89,1,1
AG-90,1,1
AG-98,0,1
AH-16,1,1
AH-20,1,1
AH-23,1,1
AH-30,1,1
AH-38,1,1
AH-39,1,1
AH-45,1,1
AH-51,0,0
AH-52,0,0
AH-54,0,0
AH-57,0,0
AH-64,0,0
AH-65,0,0
AH-73,0,0
AH-77,1,0
AH-81,1,1
AH-87,1,1
AH-88,1,1
AH-97,0,1
AH-98,0,0
AH-99,0,0
AI-12,1,1
AI-14,1,1
AI-29,1,1
AI-3,1,1
AI-31,1,1
AI-32,1,1
AI-43,1,1
AI-45,1,1
AI-48,0,0
AI-5,1,1
AI-52,0,0
AI-54,0,0
AI-57,0,0
AI-58,0,0
AI-63,0,0
AI-66,0,0
AI-69,0,0
AI-71,0,0
AI-72,0,0
AI-73,0,0
AI-8,1,1
AI-83,1,1
AI-87,1,1
AI-91,1,0
AJ-10,1,1
AJ-12,1,1
AJ-22,1,1
AJ-24,1,1
AJ-26,1,1
AJ-28,1,1
AJ-34,1,1
AJ-4,1,1
AJ-44,1,1
AJ-45,1,1
AJ-49,0,0
AJ-50,0,0
AJ-52,0,0
AJ-54,0,0
AJ-58,0,0
AJ-59,0,0
AJ-62,0,0
AJ-63,0,0
AJ-68,0,0
AJ-78,1,1
AJ-81,1,1
AJ-85,1,1
AJ-9,1,1
AJ-93,0,1
AJ-94,0,0
AK-14,1,1
AK-24,1,1
AK-26,1,1
AK-27,1,1
AK-32,1,1
AK-4,1,1
AK-51,0,0
AK-52,0,0
AK-54,0,0
AK-61,0,0
AK-7,1,1
AK-72,0,0
AK-8,1,1
AK-82,1,1
AK-89,1,1
AK-90,0,1
AK-93,0,0
AK-94,0,0
AK-95,0,0
AK-99,0,0
AL-10,1,1
AL-11,1,1
AL-13,1,1
AL-16,1,1
AL-19,1,1
AL-2,1,1
AL-29,1,1
AL-32,1,1
AL-46,0,0
AL-47,0,0
AL-55,0,0
AL-57,0,0
AL-58,0,0
AL-60,0,1
AL-61,0,1
AL-63,0,0
AL-7,1,1
AL-70,0,0
AL-80,0,1
AL-82,0,1
AL-83,1,1
AL-84,1,1
AL-9,1,1
AL-90,0,0
AL-93,0,0
AM-13,1,1
AM-22,1,1
AM-25,1,1
AM-27,1,1
AM-32,1,1
AM-38,1,1
AM-53,0,0
AM-64,0,0
AM-65,0,0
AM-75,0,1
AM-76,0,1
AM-78,0,0
AM-82,0,1
AM-84,1,1
AM-90,0,0
AM-93,0,0
AM-95,0,0
AN-11,1,1
AN-19,1,1
AN-2,1,1
AN-30,1,1
AN-39,1,1
AN-4,1,1
AN-46,0,0
AN-52,0,0
AN-56,0,0
AN-66,0,0
AN-72,0,0
AN-77,0,0
AN-90,0,0
AN-96,0,0
AO-29,1,1
AO-33,1,1
AO-4,1,1
AO-48,0,0
AO-57,0,0
AO-85,0,0
AO-9,1,1
AO-91,0,0
AO-92,0,0
AO-93,0,0
AO-95,0,0
AP-11,1,1
AP-17,1,1
AP-18,1,1
AP-19,1,1
AP-24,1,1
AP-26,1,1
AP-30,1,1
AP-33,1,1
AP-37,1,1
AP-4,1,1
AP-42,1,1
AP-43,1,1
AP-44,1,1
AP-47,0,0
AP-49,0,0
AP-54,0,0
AP-55,0,0
AP-58,0,0
AP-65,0,0
AP-69,0,0
AP-70,0,0
AP-81,0,0
AP-85,0,0
AP-87,0,1
AP-91,0,0
AQ-14,1,1
AQ-21,1,1
AQ-22,1,1
AQ-26,1,1
AQ-32,1,1
AQ-35,1,1
AQ-37,1,1
AQ-40,1,1
AQ-41,1,1
AQ-43,1,1
AQ-48,0,0
AQ-50,0,0
AQ-51,0,0
AQ-55,0,0
AQ-62,0,0
AQ-65,0,0
AQ-70,0,0
AQ-71,0,0
AQ-78,0,0
AQ-81,0,0
AQ-95,0,0
AQ-96,0,0
AR-20,1,1
AR-23,1,1
AR-26,1,1
AR-29,1,1
AR-42,1,1
AR-45,0,0
AR-46,0,0
AR-49,0,0
AR-59,0,0
AR-6,1,1
AR-61,0,0
AR-64,0,0
AR-65,0,0
AR-67,0,0
AR-69,0,0
AR-71,0,0
AR-77,0,0
AR-82,0,0
AR-84,0,0
AR-85,0,0
AR-86,0,0
AR-99,0,0
AS-18,1,1
AS-19,1,1
AS-21,1,1
AS-22,1,1
AS-26,1,1
AS-31,1,1
AS-32,1,1
AS-34,1,1
AS-41,1,1
AS-48,0,0
AS-49,0,0
AS-51,0,0
AS-55,0,0
AS-57,0,0
AS-61,0,0
AS-62,0,0
AS-67,0,0
AS-70,0,0
AS-85,0,0
AS-87,0,0
AS-88,0,0
AS-93,0,0
AS-97,0,0
AS-99,0,0
AT-12,1,1
AT-16,1,1
AT-25,1,1
AT-31,1,1
AT-34,1,1
AT-43,1,1
AT-58,0,0
AT-6,1,1
AT-66,0,0
AT-75,0,0
AT-9,1,1
AT-91,0,0
AT-94,0,0
AT-95,0,0
AU-19,1,1
AU-2,1,1
AU-20,1,1
AU-26,1,1
AU-34,1,1
AU-43,1,1
AU-47,0,0
AU-48,0,0
AU-53,0,0
AU-55,0,0
AU-56,0,0
AU-68,0,0
AU-70,0,0
AU-75,0,0
AU-80,0,0
AU-85,0,0
AU-88,0,0
AU-91,0,0
AU-94,0,0
AV-22,1,1
AV-24,1,1
AV-34,1,1
AV-45,0,0
AV-48,0,0
AV-49,0,0
AV-55,0,0
AV-57,0,0
AV-58,0,0
AV-61,0,0
AV-8,1,1
AW-15,1,1
AW-19,1,1
AW-27,1,1
AW-34,1,1
AW-39,1,1
AW-4,1,1
AW-44,0,1
AW-45,0,0
AW-47,0,0
AW-48,0,0
AW-51,0,0
AW-56,0,0
AW-62,0,0
AX-12,1,1
AX-13,1,1
AX-14,1,1
AX-26,1,1
AX-32,1,1
AX-33,1,1
AX-35,1,1
AX-36,1,1
AX-40,1,1
AX-44,1,1
AX-47,0,0
AX-51,0,1
AX-53,1,1
AX-57,0,0
AX-65,0,0
AX-7,1,1
AX-9,1,1
AY-10,1,1
AY-14,1,1
AY-2,1,1
AY-23,1,1
AY-24,1,1
AY-26,1,1
AY-37,1,1
AY-42,1,1
AY-43,1,1
AY-47,0,1
AY-63,0,0
AY-8,1,1
AZ-18,1,1
AZ-23,1,1
AZ-24,1,1
AZ-28,1,1
AZ-38,1,1
AZ-48,1,1
AZ-5,1,1
AZ-53,1,1
B-31,1,1
B-38,1,1
B-42,1,1
B-45,1,0
B-50,1,1
B-52,1,1
B-55,1,1
B-57,1,1
B-61,1,1
B-62,1,1
B-76,1,1
B-82,1,1
B-86,1,1
B-88,1,1
B-98,1,1
BA-15,1,1
BA-2,1,1
BA-26,1,1
BA-34,1,1
BA-35,1,1
BA-37,1,1
BA-43,1,1
BA-49,1,1
BA-5,1,1
BA-51,1,1
BA-53,1,1
BA-56,0,0
BA-63,0,0
BA-8,1,1
BB-12,1,1
BB-14,1,1
BB-17,1,1
BB-24,1,1
BB-25,1,1
BB-31,1,1
BB-33,1,1
BB-35,1,1
BB-39,1,1
BB-40,1,1
BB-41,1,1
BB-45,1,1
BB-46,1,1
BB-5,1,1
BB-52,1,1
BB-54,1,1
BB-56,0,0
BB-62,0,0
BB-66,0,0
BB-9,1,1
BC-12,1,1
BC-18,1,1
BC-22,1,1
BC-27,1,1
BC-40,1,1
BC-41,1,1
BC-43,1,1
BC-53,1,1
BC-60,0,0
BC-61,0,0
BC-7,1,1
BC-8,1,1
BD-10,1,1
BD-13,1,1
BD-16,1,1
BD-20,1,1
BD-25,1,1
BD-27,1,1
BD-30,1,1
BD-38,1,1
BD-44,1,1
BD-6,1,1
BD-66,0,1
BE-18,1,1
BE-27,1,1
BE-30,1,1
BE-38,1,1
BE-4,1,1
BE-45,1,1
BE-47,1,1
BE-56,0,0
BE-65,0,0
BE-8,1,1
BF-11,1,1
BF-16,1,1
BF-21,1,1
BF-23,1,1
BF-32,1,1
BF-38,1,1
BF-39,1,1
BF-4,1,1
BF-41,1,1
BF-42,1,1
BF-48,1,1
BF-49,1,1
BF-52,0,1
BF-54,0,0
BF-56,0,0
BF-57,0,0
BF-65,0,1
BG-24,1,1
BG-37,1,1
BG-39,1,1
BG-40,1,1
BG-46,1,1
BG-47,1,1
BG-49,1,1
BG-5,1,1
BG-54,0,0
BG-62,0,1
BG-65,0,0
BH-10,1,1
BH-13,1,1
BH-26,1,1
BH-51,0,1
BH-55,0,0
BH-61,0,1
BH-63,0,1
BH-7,1,1
BH-8,1,1
BH-9,1,1
BI-18,1,1
BI-19,1,1
BI-27,1,1
BI-29,1,1
BI-3,1,1
BI-37,1,1
BI-39,1,1
BI-42,1,1
BI-45,1,1
BI-46,1,1
BI-51,0,0
BI-56,0,0
BI-58,0,0
BI-59,0,0
BI-7,1,1
BI-8,1,1
BJ-25,1,1
BJ-27,1,1
BJ-30,1,1
BJ-33,1,1
BJ-48,0,1
BJ-50,0,0
BJ-53,0,0
BJ-55,0,0
BJ-56,0,0
BJ-61,0,1
BJ-62,0,1
BJ-7,1,1
BK-20,1,1
BK-24,1,1
BK-29,1,1
BK-30,1,1
BK-32,1,1
BK-49,0,0
BK-59,0,0
BK-61,0,0
BL-10,1,1
BL-13,1,1
BL-14,1,1
BL-15,1,1
BL-27,1,1
BL-29,1,1
BL-3,1,1
BL-31,1,1
BL-32,1,1
BL-40,1,1
BL-42,1,1
BL-52,0,0
BL-58,0,0
BL-60,0,1
BL-62,0,1
BM-11,1,1
BM-17,1,1
BM-18,1,1
BM-27,1,1
BM-38,1,1
BM-39,1,1
BM-4,1,1
BM-48,0,0
BM-5,1,1
BM-50,0,0
BM-52,0,0
BM-60,0,1
BM-61,0,1
BM-62,0,1
BM-63,0,1
BM-66,0,1
BN-23,1,1
BN-24,1,1
BN-3,1,1
BN-37,1,1
BN-47,0,0
BN-52,0,0
BN-58,0,0
BN-6,1,1
BN-62,0,1
BO-12,1,1
BO-16,1,1
BO-20,1,1
BO-25,1,1
BO-28,1,1
BO-3,1,1
BO-34,1,1
BO-46,0,0
BO-48,0,0
BO-53,0,0
BO-56,0,0
BO-57,0,0
BP-10,1,1
BP-22,1,1
BP-23,1,1
BP-24,1,1
BP-25,1,1
BP-26,1,1
BP-3,1,1
BP-34,1,1
BP-47,0,0
BP-49,0,0
BP-51,0,0
BP-53,0,0
BP-58,0,0
BP-6,1,1
BQ-10,1,1
BQ-14,1,1
BQ-16,1,1
BQ-19,1,1
BQ-20,1,1
BQ-23,1,1
BQ-25,1,1
BQ-28,1,1
BQ-3,1,1
BQ-30,1,1
BQ-33,1,1
BQ-44,0,0
BQ-52,0,0
BQ-57,0,0
BR-11,1,1
BR-12,1,1
BR-15,1,1
BR-19,1,1
BR-21,1,1
BR-24,1,1
BR-27,1,1
BR-30,1,1
BR-32,1,1
BR-34,1,1
BR-54,0,0
BR-58,0,0
BR-61,0,0
BR-63,0,0
BR-7,1,1
BS-17,1,1
BS-32,1,1
BS-49,0,0
BS-57,0,0
BS-64,0,0
BT-12,1,1
BT-13,1,1
BT-19,1,1
BT-27,1,1
BT-35,1,1
BT-36,1,1
BT-4,1,1
BT-41,0,0
BT-42,0,0
BT-44,0,0
BT-53,0,0
BT-54,0,0
BT-56,0,0
BT-64,0,0
BU-15,1,1
BU-23,1,1
BU-29,1,1
BU-30,1,1
BU-34,1,1
BU-37,1,1
BU-38,1,1
BU-55,0,0
BU-61,0,0
BV-14,1,1
BV-16,1,1
BV-17,1,1
BV-23,1,1
BV-24,1,1
BV-25,1,1
BV-32,1,1
BV-33,1,1
BV-34,1,1
BV-4,1,1
BV-41,0,0
BV-46,0,0
BV-49,0,0
BV-50,0,0
BV-52,0,0
BV-64,0,0
BW-11,1,1
BW-12,1,1
BW-13,1,1
BW-15,1,1
BW-16,1,1
BW-17,1,1
BW-20,1,1
BW-27,1,1
BW-33,1,1
BW-41,0,0
BW-44,0,0
BW-46,0,0
BW-50,0,0
BW-51,0,0
BW-52,0,0
BW-58,0,0
BW-6,1,1
BX-13,1,1
BX-20,1,1
BX-35,1,1
BX-40,0,0
BX-42,0,0
BX-47,0,0
BX-48,0,0
BX-51,0,0
BX-54,0,0
BX-55,0,0
BX-58,0,0
BX-61,0,0
BX-8,1,1
BX-9,1,1
BY-12,1,1
BY-15,1,1
BY-17,1,1
BY-18,1,1
BY-19,1,1
BY-21,1,1
BY-27,1,1
BY-29,1,1
BY-31,1,1
BY-39,0,0
BY-40,0,0
BY-53,1,1
BY-56,0,0
BY-62,0,0
BY-64,0,0
BY-9,1,1
BZ-24,1,1
BZ-40,0,0
BZ-44,0,0
BZ-5,1,1
BZ-54,1,1
BZ-60,0,0
BZ-65,0,0
C-15,0,1
C-19,0,0
C-23,0,0
C-31,1,1
C-35,1,1
C-42,1,1
C-43,1,1
C-44,1,1
C-45,1,1
C-48,1,1
C-49,1,1
C-52,1,1
C-54,1,1
C-56,1,1
C-64,1,1
C-67,0,0
C-71,0,0
C-72,0,0
C-76,1,1
C-77,1,1
C-8,0,0
C-80,1,1
C-81,1,1
C-83,1,1
C-88,1,1
C-95,1,1
CA-10,1,1
CA-13,1,1
CA-20,1,1
CA-24,1,1
CA-31,1,1
CA-33,1,1
CA-34,1,1
CA-48,0,0
CA-54,1,1
CA-57,0,1
CA-60,0,0
CA-61,0,0
CA-62,0,0
CA-65,0,0
CA-9,1,1
CB-13,1,1
CB-17,1,1
CB-19,1,1
CB-28,1,1
CB-35,1,1
CB-39,1,0
CB-42,0,0
CB-47,0,0
CB-60,0,0
CB-62,0,0
CB-63,0,0
CB-9,1,1
CC-18,1,1
CC-19,1,1
CC-25,1,1
CC-37,0,0
CC-42,1,0
CC-43,0,0
CC-45,0,0
CC-46,0,0
CC-47,0,0
CC-51,1,1
CC-54,1,1
CC-57,0,1
CC-64,0,0
CD-11,1,1
CD-22,1,1
CD-25,1,1
CD-43,0,0
CD-51,1,1
CD-58,0,1
CD-8,1,1
CE-11,1,1
CE-12,1,1
CE-2,1,0
CE-20,1,1
CE-23,1,1
CE-25,1,1
CE-27,1,1
CE-30,1,1
CE-36,0,0
CE-40,0,0
CE-43,1,1
CE-44,1,1
CE-58,0,0
CF-11,1,1
CF-22,1,1
CF-28,1,1
CF-31,1,1
CF-32,1,1
CF-51,1,1
CF-53,1,1
CF-56,1,0
CF-57,0,0
CF-58,1,0
CF-6,1,1
CF-63,0,0
CF-7,1,1
CG-11,1,1
CG-12,1,1
CG-15,1,1
CG-16,1,1
CG-21,1,1
CG-28,1,1
CG-3,1,1
CG-31,1,1
CG-36,0,0
CG-40,1,1
CG-44,1,1
CG-51,1,1
CG-53,1,1
CG-60,0,0
CG-62,0,0
CG-66,0,1
CH-15,1,1
CH-19,1,1
CH-20,1,1
CH-23,1,1
CH-30,1,1
CH-39,0,1
CH-41,1,1
CH-45,1,1
CH-46,1,1
CH-47,1,1
CH-49,1,1
CH-58,0,0
CH-61,1,0
CH-9,1,1
CI-13,1,1
CI-14,1,1
CI-15,1,1
CI-2,1,1
CI-25,1,1
CI-26,1,1
CI-28,1,1
CI-3,1,1
CI-41,1,1
CI-48,1,1
CI-58,0,1
CI-6,1,1
CI-66,0,0
CJ-18,1,1
CJ-21,1,1
CJ-26,1,1
CJ-30,1,1
CJ-32,1,1
CJ-35,1,0
CJ-5,1,1
CJ-51,1,1
CJ-55,0,1
CJ-59,0,1
CJ-6,1,1
CJ-60,0,1
CJ-62,0,0
CJ-66,0,0
CJ-9,1,0
CK-15,1,1
CK-2,1,1
CK-20,1,1
CK-22,1,1
CK-29,1,1
CK-3,1,1
CK-30,1,1
CK-4,1,1
CK-40,1,1
CK-46,1,1
CK-56,0,1
CK-57,0,0
CK-61,0,1
CK-66,0,0
CK-9,1,1
CL-15,1,1
CL-18,1,1
CL-27,1,1
CL-3,1,1
CL-35,1,1
CL-44,1,1
CL-46,1,1
CL-50,1,1
CL-56,0,1
CL-59,0,1
CL-8,1,1
CL-9,1,1
CM-10,1,1
CM-25,1,1
CM-30,1,1
CM-45,1,1
CM-56,0,1
CM-57,0,0
CM-6,1,1
CM-60,0,1
CM-63,0,0
CM-65,0,1
CN-15,1,1
CN-26,1,1
CN-28,1,1
CN-42,1,1
CN-5,1,1
CN-51,1,1
CN-58,0,0
CO-14,1,1
CO-21,1,1
CO-24,1,1
CO-26,1,1
CO-3,1,1
CO-34,1,1
CO-35,1,1
CO-38,1,1
CO-42,1,1
CO-46,1,1
CO-47,1,1
CO-48,1,1
CO-50,1,1
CO-53,1,1
CO-54,1,1
CO-65,0,0
CO-66,1,0
CP-13,1,1
CP-16,1,1
CP-36,1,1
CP-37,1,1
CP-4,1,1
CP-41,1,1
CP-49,1,1
CP-66,0,0
CQ-11,1,1
CQ-2,1,1
CQ-3,1,1
CQ-32,1,1
CQ-38,1,1
CQ-48,1,1
CQ-51,1,1
CQ-53,1,1
CQ-54,0,1
CQ-57,0,0
CQ-58,0,0
CQ-63,0,0
CR-16,1,1
CR-33,1,1
CR-44,1,1
CR-46,1,1
CR-48,1,1
CR-52,1,1
CR-60,0,0
CR-61,0,0
CR-63,0,0
CR-7,1,0
CS-13,1,1
CS-21,1,1
CS-23,1,1
CS-27,1,1
CS-31,1,1
CS-32,1,1
CS-43,1,1
CS-59,0,1
CS-6,1,1
CS-60,0,0
CS-7,1,1
CS-8,1,1
CT-12,1,1
CT-15,1,1
CT-19,1,1
CT-28,1,1
CT-38,1,1
CT-40,1,1
CT-49,1,1
CT-8,1,1
CU-14,1,1
CU-2,1,0
CU-24,1,1
CU-25,1,1
CU-33,1,1
CU-36,1,1
CU-37,1,1
CU-45,1,1
CU-47,1,1
CU-52,1,1
CU-63,0,1
CV-10,1,1
CV-27,1,1
CV-31,1,1
CV-39,1,1
CV-48,0,0
CV-58,0,1
CV-6,1,1
CV-60,0,1
CV-62,0,0
CW-12,1,1
CW-22,1,1
CW-26,1,1
CW-33,1,1
CW-35,1,1
CW-37,1,1
CW-39,1,0
CW-46,1,1
CW-54,0,1
CW-60,0,1
CW-63,0,1
CW-9,1,1
CX-11,1,1
CX-24,1,1
CX-27,1,1
CX-31,1,1
CX-33,1,1
CX-34,1,1
CX-39,1,1
CX-41,1,0
CX-44,1,1
CX-49,1,1
CX-51,0,0
CX-63,1,1
CX-64,1,1
CY-12,1,1
CY-18,1,1
CY-26,1,1
CY-28,1,1
CY-33,1,1
CY-35,1,1
CY-36,1,1
CY-43,1,1
CY-46,1,1
CY-8,1,1
CZ-10,1,1
CZ-15,1,1
CZ-21,1,1
CZ-25,1,1
CZ-35,1,1
CZ-4,1,1
CZ-40,1,1
CZ-43,1,1
CZ-48,1,1
CZ-53,0,0
CZ-55,0,0
CZ-56,0,0
D-10,0,0
D-13,0,0
D-19,0,0
D-22,0,0
D-29,0,1
D-3,0,0
D-30,0,1
D-33,1,1
D-43,1,1
D-49,1,1
D-59,1,1
D-6,0,0
D-61,1,1
D-66,0,0
D-68,0,0
D-7,0,0
D-77,1,1
D-79,1,1
D-80,1,1
D-81,1,1
D-83,1,1
D-96,1,1
DA-12,1,1
DA-23,1,1
DA-25,1,1
DA-30,1,1
DA-32,1,1
DA-33,1,1
DA-35,1,1
DA-36,1,1
DA-4,1,0
DA-45,1,1
DA-6,1,1
DA-61,1,1
DA-65,1,0
DB-12,1,1
DB-25,1,1
DB-26,1,1
DB-32,1,1
DB-37,1,0
DB-38,1,0
DB-39,1,0
DB-48,1,1
DB-53,1,1
DB-61,1,1
DB-63,1,1
DB-9,1,1
DC-11,1,1
DC-17,1,1
DC-19,1,1
DC-2,1,1
DC-25,1,1
DC-27,1,1
DC-29,1,1
DC-38,1,1
DC-40,1,1
DC-5,1,1
DC-50,1,1
DC-58,1,1
DC-6,1,1
DC-63,1,1
DD-22,1,1
DD-26,1,1
DD-33,1,1
DD-34,1,1
DD-35,1,1
DD-39,1,1
DD-43,1,1
DD-49,1,1
DD-63,1,1
DE-10,1,1
DE-13,1,1
DE-15,1,1
DE-16,1,1
DE-17,1,1
DE-19,1,0
DE-26,1,1
DE-29,1,1
DE-33,1,1
DE-34,1,1
DE-35,1,1
DE-36,1,1
DE-39,1,1
DE-44,1,1
DE-53,1,1
DE-57,1,1
DE-6,1,1
DE-61,1,1
DE-63,1,1
DF-10,1,1
DF-22,1,1
DF-26,1,1
DF-33,1,1
DF-38,1,1
DF-40,1,1
DF-41,1,1
DF-43,1,0
DF-50,1,0
DF-52,1,0
DF-55,1,1
DF-56,1,0
DF-57,1,1
DF-59,1,1
DF-64,1,1
DF-8,1,1
DG-13,1,1
DG-17,1,1
DG-19,1,1
DG-21,1,1
DG-22,1,1
DG-27,1,1
DG-30,1,1
DG-35,1,1
DG-36,1,1
DG-37,1,1
DG-38,1,1
DG-45,1,0
DG-49,1,0
DG-54,1,1
DG-57,1,1
DG-62,1,1
E-11,0,0
E-2,0,0
E-21,0,0
E-31,0,1
E-32,1,1
E-33,1,1
E-35,1,1
E-39,1,1
E-40,1,1
E-46,1,1
E-47,1,1
E-49,1,1
E-55,1,1
E-58,1,1
E-7,0,0
E-72,0,0
E-74,0,0
E-75,0,1
E-78,1,1
E-86,1,1
E-9,0,0
E-94,1,1
E-98,1,1
F-11,0,0
F-23,0,0
F-26,0,0
F-31,0,1
F-33,1,1
F-47,1,1
F-49,1,1
F-5,0,0
F-50,1,1
F-53,1,1
F-54,1,1
F-63,0,1
F-64,0,0
F-71,0,0
F-73,0,0
F-75,0,0
F-77,1,1
F-84,1,1
F-9,0,0
F-92,1,1
F-93,1,1
F-98,1,1
G-13,0,0
G-26,0,0
G-28,0,0
G-30,0,0
G-33,1,1
G-35,1,1
G-44,1,1
G-5,0,0
G-51,1,1
G-52,1,1
G-53,1,1
G-55,1,1
G-58,1,1
G-61,0,1
G-62,0,0
G-66,0,0
G-69,0,0
G-73,0,0
G-74,0,0
G-77,1,1
G-78,1,1
G-84,1,1
G-85,1,1
G-94,1,1
H-11,0,0
H-13,0,0
H-17,0,0
H-2,0,0
H-22,0,0
H-23,0,0
H-29,0,0
H-31,0,1
H-33,1,1
H-36,1,1
H-39,1,1
H-40,1,1
H-47,1,1
H-51,1,1
H-52,1,1
H-60,0,0
H-62,0,1
H-67,0,0
H-68,0,0
H-76,0,1
H-80,1,1
H-84,1,1
H-92,1,1
H-95,1,1
I-11,0,0
I-19,0,0
I-24,0,0
I-26,0,0
I-3,0,0
I-31,0,0
I-4,0,0
I-43,1,1
I-45,1,1
I-51,1,1
I-6,0,0
I-71,0,0
I-75,0,0
I-79,1,1
I-83,1,1
I-89,1,1
J-10,0,0
J-16,0,0
J-20,0,0
J-22,0,0
J-29,0,0
J-30,0,0
J-33,1,1
J-36,1,1
J-51,1,1
J-68,0,0
J-76,0,1
J-77,1,1
J-78,1,1
J-80,1,1
J-83,1,1
J-85,1,1
J-89,1,1
J-97,1,1
K-20,0,0
K-3,0,0
K-36,1,1
K-43,1,1
K-44,1,1
K-49,1,1
K-5,0,0
K-60,0,0
K-69,0,0
K-83,1,1
K-87,1,1
K-95,1,1
K-96,1,1
K-98,1,1
L-18,0,0
L-24,0,0
L-31,0,0
L-36,1,1
L-37,1,1
L-45,1,1
L-50,1,1
L-51,1,1
L-54,1,1
L-56,0,1
L-58,0,0
L-62,0,0
L-64,0,0
L-66,0,0
L-70,0,0
L-73,0,0
L-76,0,1
L-77,1,1
L-84,1,1
L-88,1,1
L-9,0,0
L-90,1,1
L-99,1,1
M-12,0,0
M-2,0,0
M-3,0,0
M-32,1,1
M-33,1,1
M-40,1,1
M-41,1,1
M-45,1,1
M-46,1,1
M-47,1,1
M-6,0,0
M-65,0,0
M-68,0,0
M-74,0,0
M-81,1,1
M-86,1,1
M-87,1,1
M-88,1,1
M-89,1,1
M-96,1,1
M-97,1,0
N-12,0,0
N-20,0,0
N-21,0,0
N-31,0,1
N-34,1,1
N-35,1,1
N-50,1,1
N-52,1,1
N-54,1,1
N-60,0,0
N-75,0,0
N-76,1,1
N-78,1,0
N-79,1,1
N-87,1,1
N-95,1,1
N-98,1,1
O-17,0,0
O-24,0,0
O-32,1,1
O-33,1,1
O-43,1,1
O-56,0,0
O-6,0,0
O-63,0,0
O-66,0,0
O-72,0,0
O-78,1,1
O-83,1,1
O-87,1,1
O-90,1,1
O-92,1,1
P-14,0,0
P-18,0,0
P-2,0,0
P-27,1,1
P-32,1,1
P-48,1,1
P-50,1,1
P-52,1,1
P-6,0,0
P-63,0,0
P-72,0,0
P-80,1,1
P-82,1,1
P-9,0,0
P-98,1,1
Q-12,0,0
Q-13,0,0
Q-18,0,0
Q-2,0,0
Q-21,0,0
Q-22,0,0
Q-28,1,1
Q-31,1,1
Q-32,1,1
Q-33,1,1
Q-36,1,1
Q-4,0,0
Q-46,1,1
Q-5,0,0
Q-61,0,0
Q-62,0,0
Q-69,0,0
Q-72,0,0
Q-76,1,1
Q-77,1,1
Q-84,1,1
Q-87,1,1
Q-9,0,0
Q-96,1,1
R-32,1,1
R-36,1,1
R-39,1,1
R-4,0,0
R-41,1,1
R-47,1,1
R-56,0,0
R-58,0,0
R-60,0,0
R-63,0,0
R-68,0,0
R-75,1,1
R-76,1,1
R-77,1,1
R-78,1,1
R-79,1,1
R-82,1,1
R-84,1,1
R-87,1,1
R-91,1,1
R-93,1,1
R-95,1,1
S-15,0,0
S-20,0,0
S-22,0,0
S-34,1,1
S-39,1,1
S-40,1,1
S-41,1,1
S-42,1,1
S-48,1,1
S-57,0,0
S-58,0,0
S-63,0,0
S-64,0,0
S-73,0,1
S-74,1,0
S-84,1,1
S-96,1,1
S-97,1,1
T-15,0,0
T-24,1,1
T-3,0,0
T-31,1,1
T-34,1,1
T-40,1,1
T-41,1,1
T-43,1,1
T-54,0,0
T-63,0,0
T-70,0,0
T-79,1,1
T-83,1,1
U-10,0,0
U-11,0,0
U-18,0,0
U-21,1,1
U-22,1,1
U-3,0,0
U-30,1,1
U-37,1,1
U-41,1,1
U-48,1,1
U-51,0,1
U-53,0,0
U-77,1,1
U-88,1,1
U-96,1,1
V-23,1,1
V-30,1,1
V-40,1,1
V-46,1,0
V-5,0,0
V-54,0,0
V-58,0,0
V-72,0,0
V-74,0,1
V-76,1,1
V-79,1,1
V-80,1,1
V-87,1,1
V-94,1,1
V-96,1,1
W-13,0,0
W-2,0,0
W-20,1,0
W-21,1,0
W-23,1,0
W-28,1,1
W-31,1,1
W-34,1,1
W-42,1,1
W-52,0,0
W-57,0,0
W-59,0,0
W-62,0,0
W-63,0,0
W-66,0,0
W-67,0,0
W-69,0,0
W-70,0,0
W-71,0,0
W-75,0,1
W-77,1,1
W-78,1,1
W-79,1,1
W-82,1,1
W-84,1,1
W-86,1,1
W-90,1,1
W-93,1,1
X-12,0,0
X-15,0,0
X-17,0,1
X-18,0,1
X-26,1,1
X-29,1,1
X-33,1,1
X-41,1,0
X-48,1,1
X-49,1,0
X-5,0,0
X-50,1,0
X-53,0,0
X-56,0,0
X-57,0,0
X-62,0,0
X-7,0,0
X-93,1,1
X-94,1,0
X-95,1,1
X-98,1,1
Y-16,0,0
Y-25,1,1
Y-32,1,1
Y-33,1,1
Y-37,1,1
Y-41,1,1
Y-51,0,0
Y-6,0,0
Y-61,0,0
Y-71,0,0
Y-74,0,0
Y-77,1,1
Y-80,1,1
Y-82,1,1
Y-84,1,1
Y-90,1,1
Z-10,0,0
Z-21,1,1
Z-27,1,1
Z-41,1,1
Z-46,1,1
Z-48,1,0
Z-51,0,0
Z-52,0,0
Z-53,0,0
Z-6,0,0
Z-60,0,0
Z-63,0,0
Z-70,0,0
Z-71,0,0
Z-74,0,0
Z-75,0,1
Z-81,0,0
Z-89,1,1
Z-95,1,1
Z-99,0,1
AA-16,1,1
AA-18,1,1
AA-19,1,1
AA-23,1,1
AA-28,1,1
AA-31,1,1
AA-43,1,1
AA-46,1,1
AA-48,1,0
AA-53,0,0
AA-57,0,0
AA-63,0,0
AA-64,0,0
AA-7,0,0
AA-70,0,0
AA-73,0,0
AA-74,0,0
AA-83,0,1
AA-96,1,1
AB-16,1,1
AB-25,1,1
AB-27,1,1
AB-36,1,1
AB-48,1,1
AB-54,0,0
AB-61,0,0
AB-63,0,0
AB-68,0,0
AB-7,0,1
AB-75,0,0
AB-79,0,0
AB-8,0,0
AB-81,0,0
AB-86,1,1
AC-14,1,1
AC-23,1,1
AC-24,1,1
AC-27,1,1
AC-29,1,1
AC-3,1,1
AC-31,1,1
AC-39,1,1
AC-43,1,1
AC-46,1,1
AC-53,0,0
AC-57,0,0
AC-70,0,1
AC-75,0,0
AC-79,0,0
AC-88,1,0
AC-9,0,1
AC-90,1,1
AC-93,1,0
AD-21,1,1
AD-23,1,1
AD-34,1,1
AD-35,1,1
AD-42,1,1
AD-44,1,1
AD-45,1,1
AD-46,1,1
AD-57,0,0
AD-60,0,0
AD-65,0,0
AD-67,0,0
AD-69,0,0
AD-71,0,0
AD-75,0,0
AD-81,0,0
AD-87,1,1
AD-90,1,1
AD-95,1,1
AD-97,0,1
AE-12,1,1
AE-18,1,1
AE-21,1,1
AE-23,1,1
AE-27,1,1
AE-30,1,1
AE-35,1,1
AE-60,0,0
AE-63,0,0
AE-69,0,0
AE-77,0,0
AE-91,1,1
AE-93,1,1
AF-12,1,1
AF-16,1,1
AF-20,1,1
AF-26,1,1
AF-27,1,1
AF-28,1,1
AF-29,1,1
AF-3,1,1
AF-31,1,1
AF-34,1,1
AF-37,1,1
AF-43,1,1
AF-49,0,1
AF-58,0,0
AF-67,0,0
AF-68,0,0
AF-71,0,0
AF-8,1,1
AF-81,1,0
AF-90,1,1
AF-95,0,1
AG-13,1,1
AG-21,1,1
AG-22,1,1
AG-29,1,1
AG-30,1,1
AG-35,1,1
AG-4,1,1
AG-43,1,1
AG-48,0,1
AG-50,0,0
AG-51,0,0
AG-55,0,0
AG-68,0,0
AG-69,0,0
AG-7,1,1
AG-80,1,1
AG-81,1,1
AG-88,1,1
AH-15,1,1
AH-19,1,1
AH-21,1,1
AH-22,1,1
AH-32,1,1
AH-33,1,1
AH-37,1,1
AH-47,0,0
AH-50,0,0
AH-56,0,0
AH-7,1,1
AH-70,0,0
AH-74,0,0
AH-75,0,0
AH-76,0,0
AH-80,1,1
AH-86,1,1
AI-10,1,1
AI-11,1,1
AI-15,1,1
AI-16,1,1
AI-2,1,1
AI-21,1,1
AI-27,1,1
AI-30,1,1
AI-36,1,1
AI-37,1,1
AI-55,0,0
AI-70,0,0
AI-76,1,0
AI-84,1,1
AI-9,1,1
AJ-16,1,1
AJ-18,1,1
AJ-21,1,1
AJ-25,1,1
AJ-3,1,1
AJ-36,1,1
AJ-40,1,1
AJ-42,1,1
AJ-48,0,0
AJ-57,0,0
AJ-66,0,0
AJ-67,0,0
AJ-71,0,0
AJ-73,0,0
AJ-83,1,1
AJ-88,1,1
AK-15,1,1
AK-2,1,1
AK-20,1,1
AK-25,1,1
AK-29,1,1
AK-31,1,1
AK-33,1,1
AK-35,1,1
AK-37,1,1
AK-39,1,1
AK-43,1,1
AK-45,0,1
AK-47,0,0
AK-48,0,0
AK-53,0,0
AK-55,0,0
AK-60,0,0
AK-63,0,0
AK-68,0,0
AK-69,0,0
AK-70,0,0
AK-74,0,0
AK-75,0,0
AK-88,1,1
AK-96,0,0
AK-97,0,0
AK-98,0,0
AL-15,1,1
AL-17,1,1
AL-21,1,1
AL-24,1,1
AL-26,1,1
AL-35,1,1
AL-36,1,1
AL-38,1,1
AL-43,1,1
AL-52,0,0
AL-59,0,0
AL-6,1,1
AL-67,0,0
AL-68,0,0
AL-74,0,0
AL-78,0,0
AL-98,0,0
AM-15,1,1
AM-18,1,1
AM-19,1,1
AM-2,1,1
AM-39,1,1
AM-41,1,1
AM-45,0,0
AM-50,0,0
AM-74,0,0
AM-83,0,1
AM-89,0,0
AM-91,0,0
AM-92,0,0
AM-99,0,0
AN-23,1,1
AN-27,1,1
AN-33,1,1
AN-42,1,1
AN-44,1,1
AN-45,0,1
AN-55,0,0
AN-58,0,0
AN-59,0,0
AN-60,0,0
AN-62,0,0
AN-63,0,0
AN-65,0,0
AN-78,0,0
AN-84,0,1
AN-85,0,1
AN-87,1,1
AN-88,0,0
AO-14,1,1
AO-21,1,1
AO-23,1,1
AO-25,1,1
AO-39,1,1
AO-40,1,1
AO-42,1,1
AO-45,0,0
AO-47,0,0
AO-50,0,0
AO-51,0,0
AO-53,0,0
AO-56,0,0
AO-58,0,0
AO-64,0,0
AO-65,0,0
AO-68,0,0
AO-69,0,0
AO-7,1,1
AO-70,0,0
AO-94,0,0
AP-14,1,1
AP-16,1,1
AP-20,1,1
AP-25,1,1
AP-27,1,1
AP-45,0,0
AP-50,0,0
AP-51,0,0
AP-53,0,0
AP-56,0,0
AP-64,0,0
AP-67,0,0
AP-76,0,0
AP-84,0,0
AP-88,0,1
AP-96,0,0
AP-99,0,0
AQ-12,1,1
AQ-15,1,1
AQ-25,1,1
AQ-27,1,1
AQ-36,1,1
AQ-42,1,1
AQ-5,1,1
AQ-54,0,0
AQ-56,0,0
AQ-6,1,1
AQ-61,0,0
AQ-63,0,0
AQ-66,0,0
AQ-7,1,1
AQ-75,0,0
AQ-77,0,0
AQ-82,0,0
AQ-83,0,0
AQ-86,0,0
AQ-88,0,0
AQ-89,0,0
AQ-9,1,1
AR-18,1,1
AR-19,1,1
AR-24,1,1
AR-3,1,1
AR-30,1,1
AR-34,1,1
AR-39,1,1
AR-50,0,0
AR-52,0,0
AR-54,0,0
AR-58,0,0
AR-66,0,0
AR-68,0,0
AR-70,0,0
AR-80,0,0
AR-92,0,0
AS-13,1,1
AS-14,1,1
AS-15,1,1
AS-16,1,1
AS-17,1,1
AS-24,1,1
AS-25,1,1
AS-27,1,1
AS-29,1,1
AS-30,1,1
AS-35,1,1
AS-50,0,0
AS-52,0,0
AS-56,0,0
AS-60,0,0
AS-63,0,0
AS-64,0,0
AS-66,0,0
AS-68,0,0
AS-89,0,0
AS-9,1,1
AT-13,1,1
AT-14,1,1
AT-15,1,1
AT-18,1,1
AT-2,1,1
AT-22,1,1
AT-23,1,1
AT-29,1,1
AT-32,1,1
AT-36,1,1
AT-39,1,1
AT-53,0,0
AT-65,0,0
AT-67,0,0
AT-68,0,0
AT-72,0,0
AT-8,1,1
AT-82,0,0
AT-84,0,0
AT-85,0,0
AT-89,0,0
AT-92,0,0
AU-10,1,1
AU-14,1,1
AU-15,1,1
AU-22,1,1
AU-25,1,1
AU-29,1,1
AU-3,1,1
AU-32,1,1
AU-39,1,1
AU-42,1,1
AU-61,0,0
AU-65,0,0
AU-67,0,0
AU-69,0,0
AU-7,1,1
AU-73,0,0
AU-77,0,0
AU-78,0,0
AU-79,0,0
AU-84,0,0
AU-86,0,0
AU-87,0,0
AU-90,0,0
AU-92,0,0
AU-95,0,0
AV-13,1,1
AV-17,1,1
AV-37,1,1
AV-38,1,1
AV-43,1,1
AV-44,1,0
AV-51,0,0
AV-59,0,0
AV-60,0,0
AV-64,0,0
AW-14,1,1
AW-20,1,1
AW-21,1,1
AW-3,1,1
AW-40,1,1
AW-43,1,1
AW-46,0,0
AW-49,0,0
AW-5,1,1
AW-55,0,1
AX-11,1,1
AX-2,1,1
AX-23,1,1
AX-29,1,1
AX-41,1,1
AX-46,0,0
AX-5,1,1
AX-50,0,1
AX-6,1,1
AX-8,1,1
AY-17,1,1
AY-21,1,1
AY-27,1,1
AY-44,1,1
AY-45,1,1
AY-46,0,1
AY-48,0,1
AY-50,0,1
AY-51,1,1
AY-53,1,1
AY-55,1,1
AY-56,0,1
AY-57,0,0
AY-6,1,1
AY-60,0,0
AY-7,1,1
AZ-12,1,1
AZ-26,1,1
AZ-31,1,1
AZ-37,1,1
AZ-40,1,1
AZ-47,1,1
AZ-49,1,1
AZ-52,1,1
AZ-55,1,1
AZ-57,0,0
AZ-61,0,0
AZ-62,0,0
AZ-9,1,1
B-30,0,1
B-32,1,1
B-37,1,1
B-44,1,1
B-56,1,1
B-59,1,1
B-60,1,1
B-65,1,1
B-71,0,0
B-73,0,0
B-78,1,1
B-85,1,1
B-93,1,1
B-94,1,1
B-99,1,1
BA-11,1,1
BA-14,1,1
BA-16,1,1
BA-19,1,1
BA-24,1,1
BA-29,1,1
BA-3,1,1
BA-41,1,1
BA-46,1,1
BA-47,1,1
BA-55,1,1
BA-59,0,0
BA-6,1,1
BA-60,0,0
BA-7,1,1
BB-10,1,1
BB-11,1,1
BB-19,1,1
BB-34,1,1
BB-36,1,1
BB-4,1,1
BB-47,1,1
BB-49,1,1
BB-59,0,0
BB-60,0,0
BB-61,0,0
BB-8,1,1
BC-10,1,1
BC-14,1,1
BC-16,1,1
BC-21,1,1
BC-25,1,1
BC-31,1,1
BC-34,1,1
BC-35,1,1
BC-42,1,1
BC-45,1,1
BC-5,1,1
BC-56,0,1
BD-11,1,1
BD-15,1,1
BD-19,1,1
BD-22,1,1
BD-26,1,1
BD-34,1,1
BD-35,1,1
BD-4,1,1
BD-41,1,1
BD-51,1,1
BD-57,0,0
BD-65,0,1
BE-15,1,1
BE-16,1,1
BE-19,1,1
BE-2,1,1
BE-21,1,1
BE-26,1,1
BE-3,1,1
BE-33,1,1
BE-34,1,1
BE-35,1,1
BE-40,1,1
BE-41,1,1
BE-48,1,1
BE-50,1,0
BE-52,0,1
BE-64,0,0
BE-9,1,1
BF-15,1,1
BF-17,1,1
BF-19,1,1
BF-26,1,1
BF-29,1,1
BF-31,1,1
BF-33,1,1
BF-37,1,1
BF-43,1,1
BF-6,1,1
BF-63,0,1
BF-7,1,1
BF-9,1,1
BG-11,1,1
BG-20,1,1
BG-26,1,1
BG-3,1,1
BG-31,1,1
BG-33,1,1
BG-36,1,1
BG-41,1,1
BG-42,1,1
BG-50,1,1
BG-51,0,1
BG-58,0,0
BG-60,0,0
BG-64,0,1
BH-17,1,1
BH-18,1,1
BH-24,1,1
BH-25,1,1
BH-32,1,1
BH-34,1,1
BH-36,1,1
BH-37,1,1
BH-38,1,1
BH-41,1,1
BH-42,1,1
BH-48,1,1
BH-54,0,0
BH-56,0,0
BH-60,0,0
BI-15,1,1
BI-2,1,1
BI-21,1,1
BI-22,1,1
BI-23,1,1
BI-32,1,1
BI-47,1,1
BI-50,0,0
BI-55,0,0
BI-61,0,1
BI-63,0,1
BI-64,0,1
BI-9,1,1
BJ-14,1,1
BJ-18,1,1
BJ-22,1,1
BJ-28,1,1
BJ-29,1,1
BJ-34,1,1
BJ-37,1,1
BJ-45,1,1
BJ-49,0,1
BJ-6,1,1
BJ-65,0,0
BJ-8,1,1
BK-13,1,1
BK-14,1,1
BK-15,1,1
BK-17,1,1
BK-21,1,1
BK-26,1,1
BK-27,1,1
BK-37,1,1
BK-46,1,1
BK-47,0,1
BK-48,0,1
BK-50,0,0
BK-51,0,0
BK-55,0,0
BK-6,1,1
BK-63,0,1
BK-8,1,1
BK-9,1,1
BL-16,1,1
BL-17,1,1
BL-19,1,1
BL-25,1,1
BL-34,1,1
BL-44,1,1
BL-5,1,1
BL-55,0,0
BL-57,0,0
BL-59,0,1
BL-61,0,1
BL-64,0,0
BM-24,1,1
BM-31,1,1
BM-32,1,1
BM-33,1,1
BM-43,1,1
BM-46,0,1
BM-49,0,0
BM-53,0,0
BM-56,0,0
BM-57,0,0
BM-59,0,1
BN-13,1,1
BN-29,1,1
BN-46,0,0
BN-55,0,0
BN-61,0,0
BN-7,1,1
BN-9,1,1
BO-10,1,1
BO-13,1,1
BO-15,1,1
BO-19,1,1
BO-21,1,1
BO-29,1,1
BO-30,1,1
BO-32,1,1
BO-38,1,1
BO-39,1,1
BO-4,1,1
BO-40,1,1
BO-44,0,0
BO-47,0,0
BO-50,0,0
BO-51,0,0
BO-52,0,0
BO-55,0,0
BO-6,1,1
BO-7,1,1
BP-11,1,1
BP-14,1,1
BP-15,1,1
BP-18,1,1
BP-28,1,1
BP-32,1,1
BP-33,1,1
BP-38,1,1
BP-40,1,1
BP-44,0,1
BP-45,0,0
BP-5,1,1
BP-56,0,0
BP-57,0,0
BP-65,0,0
BP-8,1,1
BP-9,1,1
BQ-17,1,1
BQ-18,1,1
BQ-26,1,1
BQ-31,1,1
BQ-34,1,1
BQ-35,1,1
BQ-42,0,0
BQ-47,0,0
BQ-48,0,0
BQ-49,0,0
BQ-50,0,0
BQ-53,0,0
BQ-55,0,0
BQ-58,0,0
BQ-63,0,0
BQ-64,0,0
BQ-65,0,0
BQ-9,1,1
BR-14,1,1
BR-16,1,1
BR-22,1,1
BR-28,1,1
BR-35,1,1
BR-37,1,1
BR-4,1,1
BR-40,1,1
BR-43,0,0
BR-46,0,0
BR-47,0,0
BR-53,0,0
BR-55,0,0
BR-57,0,0
BS-14,1,1
BS-16,1,1
BS-18,1,1
BS-27,1,1
BS-28,1,1
BS-30,1,1
BS-37,1,1
BS-38,1,1
BS-40,0,1
BS-42,0,0
BS-46,0,0
BS-52,0,0
BS-53,0,0
BS-60,0,0
BS-62,0,0
BT-14,1,1
BT-24,1,1
BT-26,1,1
BT-29,1,1
BT-34,1,1
BT-43,0,0
BT-46,0,0
BT-49,0,0
BT-55,0,0
BT-6,1,1
BT-63,0,0
BT-8,1,1
BU-12,1,1
BU-19,1,1
BU-32,1,1
BU-33,1,1
BU-42,0,0
BU-51,0,1
BU-53,0,0
BU-58,0,0
BU-6,1,1
BU-63,0,0
BU-64,0,0
BU-7,1,1
BV-10,1,1
BV-13,1,1
BV-18,1,1
BV-20,1,1
BV-21,1,1
BV-30,1,1
BV-35,1,1
BV-40,0,0
BV-5,1,1
BV-53,0,0
BV-55,0,0
BV-56,0,0
BV-57,0,0
BV-65,0,0
BW-10,1,1
BW-28,1,1
BW-3,1,1
BW-34,1,1
BW-36,1,1
BW-45,0,0
BW-54,0,0
BW-56,0,0
BW-59,0,0
BW-65,0,0
BW-66,0,0
BW-7,1,1
BX-12,1,1
BX-21,1,1
BX-22,1,1
BX-26,1,1
BX-30,1,1
BX-34,1,1
BX-37,0,1
BX-38,0,0
BX-4,1,1
BX-41,0,0
BX-49,0,0
BX-53,0,0
BX-57,0,0
BX-60,0,0
BX-63,0,0
BY-13,1,1
BY-3,1,1
BY-34,1,1
BY-37,0,0
BY-42,0,0
BY-46,0,0
BY-48,0,0
BY-54,0,0
BY-57,0,1
BY-60,0,0
BZ-18,1,1
BZ-23,1,1
BZ-25,1,1
BZ-27,1,1
BZ-3,1,1
BZ-30,1,1
BZ-45,0,0
BZ-48,0,0
BZ-49,0,0
BZ-59,0,0
BZ-61,0,0
BZ-9,1,1
C-10,0,0
C-13,0,0
C-17,0,0
C-25,0,0
C-27,0,0
C-30,1,1
C-37,1,1
C-40,1,1
C-55,1,1
C-68,0,0
C-7,0,0
C-85,1,1
C-91,1,1
C-94,1,1
CA-16,1,1
CA-22,1,1
CA-25,1,1
CA-29,1,1
CA-40,0,0
CA-41,0,0
CA-43,0,0
CA-45,0,0
CA-56,0,0
CA-7,1,1
CA-8,1,1
CB-10,1,1
CB-15,1,1
CB-18,1,1
CB-24,1,1
CB-3,1,0
CB-31,1,1
CB-32,1,1
CB-40,1,0
CB-43,0,0
CB-48,0,0
CB-5,1,1
CB-53,1,1
CB-54,1,1
CB-56,1,0
CB-59,0,0
CB-65,0,0
CC-11,1,1
CC-2,1,0
CC-34,1,1
CC-35,1,1
CC-38,0,0
CC-39,0,0
CC-41,0,0
CC-49,1,1
CC-55,1,1
CC-6,1,1
CC-9,1,1
CD-13,1,1
CD-14,1,1
CD-17,1,1
CD-23,1,1
CD-24,1,1
CD-26,1,1
CD-27,1,1
CD-28,1,1
CD-3,1,1
CD-35,0,1
CD-37,0,1
CD-39,0,0
CD-47,1,1
CD-49,1,0
CD-57,1,1
CD-59,0,1
CD-62,0,1
CD-63,0,0
CD-66,0,0
CE-13,1,1
CE-18,1,1
CE-24,1,1
CE-28,1,1
CE-29,1,1
CE-32,1,1
CE-39,0,0
CE-4,1,1
CE-42,1,1
CE-46,1,1
CE-51,1,1
CE-60,0,1
CE-61,0,0
CE-62,0,0
CE-63,0,1
CF-20,1,1
CF-26,1,1
CF-38,0,0
CF-39,0,0
CF-40,0,1
CF-46,1,1
CF-49,1,1
CF-64,0,1
CF-66,0,0
CF-8,1,1
CF-9,1,1
CG-10,1,1
CG-20,1,1
CG-24,1,1
CG-29,1,1
CG-30,1,1
CG-37,0,0
CG-43,1,1
CG-47,1,1
CG-48,1,1
CG-52,1,1
CG-6,1,1
CG-61,0,0
CH-14,1,1
CH-17,1,1
CH-24,1,1
CH-26,1,1
CH-27,1,1
CH-28,1,1
CH-31,1,1
CH-34,0,0
CH-54,1,1
CH-55,0,1
CH-6,1,1
CH-66,0,0
CH-7,1,1
CI-10,1,0
CI-23,1,1
CI-35,0,0
CI-45,1,1
CI-50,1,1
CI-51,1,1
CI-52,1,1
CI-65,0,0
CI-8,1,1
CI-9,1,1
CJ-13,1,1
CJ-16,1,1
CJ-25,1,1
CJ-28,1,1
CJ-3,1,1
CJ-40,1,0
CJ-48,1,1
CJ-53,1,1
CJ-56,0,1
CJ-57,0,0
CJ-65,0,0
CJ-8,1,1
CK-10,1,1
CK-11,1,1
CK-12,1,1
CK-13,1,1
CK-16,1,1
CK-18,1,1
CK-19,1,1
CK-26,1,1
CK-27,1,1
CK-28,1,1
CK-35,1,1
CK-38,1,1
CK-43,1,1
CK-45,1,1
CK-47,1,1
CK-48,1,1
CK-52,1,1
CK-54,0,1
CK-58,0,1
CK-63,0,0
CK-64,0,0
CK-65,0,1
CK-8,1,1
CL-12,1,1
CL-22,1,1
CL-23,1,1
CL-29,1,1
CL-30,1,1
CL-34,1,1
CL-36,1,1
CL-51,1,1
CL-53,1,1
CL-64,0,0
CL-66,0,1
CM-14,1,1
CM-18,1,1
CM-2,1,1
CM-28,1,1
CM-35,1,1
CM-43,1,1
CM-46,1,1
CN-11,1,1
CN-12,1,1
CN-13,1,1
CN-14,1,1
CN-16,1,1
CN-25,1,1
CN-3,1,1
CN-35,1,1
CN-43,1,1
CN-45,1,1
CN-52,1,1
CN-53,1,1
CN-57,0,1
CN-59,0,1
CN-61,0,1
CN-62,0,1
CN-65,0,1
CN-8,1,1
CO-12,1,1
CO-13,1,1
CO-15,1,1
CO-20,1,1
CO-39,1,1
CO-40,1,1
CO-44,1,1
CO-56,0,0
CO-57,0,0
CO-59,0,0
CO-6,1,1
CO-8,1,1
CP-12,1,1
CP-17,1,1
CP-19,1,1
CP-20,1,1
CP-24,1,1
CP-50,1,1
CP-62,0,0
CP-63,0,1
CP-64,0,0
CP-9,1,1
CQ-10,1,1
CQ-19,1,1
CQ-25,1,1
CQ-29,1,1
CQ-39,1,1
CQ-40,1,1
CQ-42,1,1
CQ-43,1,1
CQ-5,1,1
CQ-50,1,1
CQ-61,0,0
CR-11,1,1
CR-13,1,1
CR-18,1,1
CR-21,1,1
CR-27,1,1
CR-28,1,1
CR-29,1,1
CR-30,1,1
CR-32,1,1
CR-38,1,1
CR-39,1,1
CR-40,1,1
CR-47,1,1
CR-49,1,1
CR-5,1,1
CR-50,1,1
CR-51,1,1
CR-53,1,1
CR-57,0,1
CR-64,0,1
CS-17,1,1
CS-28,1,1
CS-30,1,1
CS-33,1,1
CS-35,1,1
CS-4,1,1
CS-41,1,1
CS-44,1,1
CS-46,1,1
CS-49,1,0
CS-51,1,1
CS-57,0,1
CS-9,1,1
CT-13,1,1
CT-30,1,1
CT-34,1,1
CT-36,1,1
CT-52,1,1
CT-54,1,1
CT-58,0,0
CT-6,1,1
CT-63,0,0
CU-12,1,1
CU-20,1,1
CU-29,1,1
CU-30,1,1
CU-34,1,1
CU-39,1,1
CU-40,1,1
CU-41,1,1
CU-42,1,1
CU-50,1,1
CU-51,1,1
CU-53,1,1
CU-56,0,1
CU-58,0,0
CU-60,0,0
CU-64,0,1
CU-66,0,1
CU-7,1,1
CU-9,1,0
CV-12,1,1
CV-13,1,1
CV-14,1,1
CV-26,1,1
CV-29,1,1
CV-40,1,0
CV-41,1,1
CV-44,1,1
CV-47,1,0
CV-49,0,1
CV-51,0,1
CV-56,0,1
CV-61,0,0
CV-8,1,1
CV-9,1,1
CW-29,1,1
CW-43,1,1
CW-45,1,1
CW-47,1,1
CW-5,1,1
CW-6,1,1
CW-61,0,0
CX-12,1,1
CX-14,1,1
CX-15,1,1
CX-26,1,1
CX-3,1,1
CX-30,1,1
CX-35,1,1
CX-37,1,1
CX-43,1,1
CX-5,1,1
CX-50,0,1
CX-52,0,0
CX-59,0,0
CX-60,1,0
CX-7,1,0
CX-8,1,1
CY-13,1,1
CY-15,1,1
CY-19,1,1
CY-20,1,1
CY-24,1,1
CY-25,1,1
CY-3,1,1
CY-30,1,1
CY-4,1,0
CY-49,1,1
CY-50,1,1
CY-51,0,0
CY-55,0,0
CY-62,1,1
CY-66,1,0
CY-9,1,1
CZ-13,1,1
CZ-14,1,1
CZ-16,1,1
CZ-20,1,1
CZ-39,1,1
CZ-47,1,1
CZ-54,0,0
CZ-57,0,1
CZ-59,1,1
CZ-61,1,1
CZ-65,1,0
CZ-66,1,0
D-12,0,0
D-27,0,0
D-31,1,1
D-36,1,1
D-4,0,0
D-41,1,1
D-44,1,1
D-5,0,0
D-50,1,1
D-53,1,1
D-55,1,1
D-56,1,1
D-57,1,1
D-62,1,1
D-64,1,1
D-72,0,0
D-84,1,1
D-86,1,1
D-9,0,0
D-91,1,1
D-97,1,1
DA-13,1,1
DA-26,1,1
DA-40,1,1
DA-41,1,1
DA-44,1,1
DA-52,1,1
DA-64,1,1
DA-7,1,1
DA-8,1,1
DB-13,1,1
DB-21,1,1
DB-36,1,1
DB-42,1,1
DB-56,1,1
DB-57,1,1
DB-6,1,1
DB-64,1,1
DC-21,1,1
DC-23,1,1
DC-26,1,1
DC-28,1,1
DC-3,1,1
DC-34,1,1
DC-52,1,1
DC-53,1,1
DC-54,1,1
DC-56,1,1
DC-59,1,1
DC-62,1,1
DC-7,1,1
DD-17,1,1
DD-18,1,1
DD-20,1,1
DD-21,1,1
DD-23,1,1
DD-30,1,1
DD-32,1,1
DD-40,1,1
DD-52,1,1
DD-53,1,0
DD-54,1,0
DD-58,1,1
DD-64,1,1
DD-65,1,1
DD-7,1,1
DD-8,1,1
DD-9,1,1
DE-21,1,1
DE-25,1,1
DE-32,1,1
DE-4,1,1
DE-45,1,1
DE-5,1,1
DE-50,1,1
DE-52,1,1
DE-58,1,1
DE-64,1,0
DE-66,1,1
DF-11,1,1
DF-12,1,1
DF-13,1,1
DF-16,1,1
DF-23,1,1
DF-30,1,1
DF-36,1,1
DF-47,1,1
DF-48,1,1
DF-49,1,0
DF-53,1,1
DF-58,1,1
DF-6,1,1
DF-60,1,1
DF-63,1,1
DG-11,1,1
DG-12,1,1
DG-24,1,1
DG-26,1,1
DG-29,1,1
DG-33,1,1
DG-39,1,0
DG-40,1,1
DG-47,1,1
DG-50,1,0
DG-64,1,1
E-13,0,0
E-15,0,0
E-25,0,0
E-3,0,0
E-36,1,1
E-41,1,1
E-42,1,1
E-43,1,1
E-48,1,1
E-5,0,0
E-50,1,1
E-51,1,1
E-54,1,1
E-56,1,1
E-6,0,0
E-61,1,1
E-68,0,0
E-69,0,0
E-8,0,0
E-80,1,1
E-82,1,1
E-87,1,1
E-88,1,1
E-91,1,1
F-10,0,0
F-12,0,0
F-14,0,0
F-16,0,0
F-18,0,0
F-20,0,0
F-21,0,0
F-29,0,1
F-3,0,0
F-34,1,1
F-35,1,1
F-36,1,1
F-37,1,1
F-51,1,1
F-55,1,1
F-57,1,1
F-59,1,1
F-74,0,0
F-76,0,1
F-81,1,1
F-86,1,1
F-89,1,1
F-95,1,1
G-12,0,0
G-18,0,0
G-32,0,1
G-41,1,1
G-42,1,1
G-45,1,1
G-54,1,1
G-65,0,0
G-67,0,1
G-80,1,1
G-81,1,1
G-88,1,1
H-14,0,0
H-19,0,0
H-21,0,0
H-42,1,1
H-43,1,1
H-45,1,1
H-46,1,1
H-50,1,1
H-6,0,0
H-69,0,0
H-7,0,0
H-70,0,0
H-72,0,0
H-73,0,0
H-77,1,1
H-78,1,1
H-82,1,1
H-86,1,1
H-97,1,1
H-99,1,1
I-27,0,0
I-30,0,0
I-40,1,1
I-61,0,0
I-66,0,0
I-69,0,0
I-7,0,0
I-80,1,1
I-84,1,1
I-91,1,1
I-92,1,1
I-96,1,1
J-12,0,0
J-15,0,0
J-17,0,0
J-18,0,0
J-19,0,0
J-24,0,0
J-32,0,0
J-35,1,1
J-39,1,1
J-40,1,1
J-44,1,1
J-53,1,1
J-56,1,1
J-67,0,0
J-71,0,0
J-79,1,1
J-92,1,1
J-93,1,1
J-96,1,1
K-11,0,0
K-13,0,0
K-18,0,0
K-28,0,0
K-37,1,1
K-38,1,1
K-46,1,1
K-47,1,1
K-48,1,1
K-51,1,1
K-54,1,1
K-68,0,0
K-71,0,0
K-75,0,0
K-81,1,1
K-9,0,0
L-2,0,0
L-27,0,0
L-28,0,0
L-3,0,0
L-33,1,1
L-4,0,0
L-40,1,1
L-48,1,1
L-59,0,0
L-60,0,0
L-65,0,0
L-68,0,0
L-75,0,0
L-8,0,0
L-82,1,1
L-85,1,1
L-94,1,1
L-96,1,1
M-13,0,0
M-15,0,0
M-16,0,0
M-19,0,0
M-20,0,0
M-21,0,0
M-27,0,0
M-30,0,0
M-42,1,1
M-49,1,1
M-53,1,1
M-54,1,1
M-60,0,0
M-62,0,0
M-82,1,1
M-83,1,1
M-84,1,1
M-95,1,1
N-10,0,0
N-24,0,0
N-28,0,0
N-29,0,0
N-39,1,1
N-4,0,0
N-43,1,1
N-63,0,0
N-68,0,0
N-69,0,0
N-77,1,1
N-80,1,1
N-82,1,1
N-89,1,1
N-90,1,1
N-92,1,1
N-93,1,1
O-14,0,0
O-15,0,0
O-16,0,0
O-19,0,0
O-20,0,0
O-21,0,0
O-22,0,0
O-26,1,1
O-29,1,1
O-3,0,0
O-30,1,1
O-4,0,0
O-40,1,1
O-44,1,1
O-45,1,1
O-68,0,0
O-77,1,1
O-79,1,1
O-81,1,1
O-88,1,1
O-9,0,0
O-91,1,1
O-93,1,1
O-98,1,1
O-99,1,1
P-10,0,0
P-12,0,0
P-15,0,0
P-17,0,0
P-20,0,0
P-21,0,0
P-34,1,1
P-39,1,1
P-46,1,1
P-49,1,1
P-5,0,0
P-54,0,1
P-58,0,0
P-62,0,0
P-64,0,0
P-65,0,0
P-70,0,0
P-73,0,0
P-78,1,1
P-79,1,1
P-84,1,1
P-86,1,1
P-88,1,1
P-95,1,1
Q-11,0,0
Q-15,0,0
Q-24,0,1
Q-30,1,1
Q-34,1,1
Q-40,1,1
Q-43,1,1
Q-44,1,1
Q-48,1,1
Q-54,0,1
Q-55,0,0
Q-64,0,0
Q-7,0,0
Q-70,0,0
Q-73,0,0
Q-75,1,1
Q-8,0,0
Q-83,1,1
Q-88,1,1
Q-90,1,1
Q-95,1,1
R-11,0,0
R-13,0,0
R-16,0,0
R-18,0,0
R-2,0,0
R-22,0,0
R-24,0,0
R-25,1,1
R-27,1,1
R-3,0,0
R-42,1,1
R-46,1,1
R-52,1,1
R-59,0,0
R-65,0,0
R-73,0,0
R-8,0,0
R-80,1,1
R-81,1,1
R-89,1,1
R-9,0,0
R-92,1,1
S-17,0,0
S-24,1,1
S-28,1,1
S-29,1,1
S-35,1,1
S-36,1,1
S-45,1,1
S-5,0,0
S-52,0,1
S-56,0,0
S-59,0,0
S-60,0,0
S-66,0,0
S-67,0,0
S-69,0,0
S-70,0,0
S-72,0,0
S-75,1,1
S-77,1,1
S-78,1,1
S-85,1,1
S-86,1,1
S-90,1,1
T-10,0,0
T-13,0,0
T-17,0,0
T-27,1,1
T-44,1,1
T-51,1,1
T-6,0,0
T-65,0,0
T-66,0,0
T-73,0,0
T-78,1,1
U-12,0,0
U-13,0,0
U-19,0,0
U-23,1,1
U-26,1,1
U-34,1,1
U-36,1,1
U-39,1,1
U-47,1,1
U-49,1,1
U-56,0,0
U-59,0,0
U-74,1,1
U-76,1,1
U-81,1,1
U-84,1,1
U-85,1,1
U-87,1,1
U-95,1,1
V-11,0,0
V-13,0,0
V-16,0,0
V-18,0,0
V-20,1,0
V-31,1,0
V-33,1,0
V-37,1,0
V-42,1,1
V-45,1,1
V-47,1,1
V-49,1,0
V-52,0,0
V-53,0,0
V-57,0,0
V-59,0,0
V-65,0,0
V-69,0,0
V-7,0,0
V-75,0,1
V-8,0,0
V-85,1,1
V-88,1,1
V-98,1,1
W-11,0,0
W-14,0,0
W-17,0,0
W-24,1,0
W-37,1,1
W-40,1,0
W-43,1,0
W-5,0,0
W-50,1,1
W-53,0,0
W-55,0,0
W-56,0,0
W-6,0,0
W-68,0,0
W-72,0,0
W-73,0,1
W-83,1,1
W-85,1,1
W-87,1,1
W-94,1,1
W-95,1,1
W-96,1,1
X-20,1,0
X-23,1,1
X-27,1,1
X-28,1,1
X-42,1,1
X-45,1,1
X-52,0,0
X-54,0,0
X-58,0,0
X-59,0,0
X-6,0,0
X-60,0,0
X-63,0,0
X-70,0,0
X-72,0,0
X-74,0,1
X-75,0,1
X-78,1,1
X-79,1,1
X-82,1,1
X-83,1,1
Y-10,0,0
Y-14,0,0
Y-15,0,0
Y-2,0,1
Y-20,1,1
Y-35,1,1
Y-36,1,1
Y-44,1,1
Y-50,0,0
Y-52,0,0
Y-54,0,0
Y-55,0,0
Y-56,0,0
Y-58,0,0
Y-62,0,0
Y-67,0,0
Y-70,0,0
Y-73,0,1
Y-81,1,1
Y-86,1,1
Y-87,1,1
Y-88,1,1
Z-14,0,0
Z-22,1,1
Z-26,1,1
Z-3,0,1
Z-30,1,1
Z-32,1,1
Z-34,1,1
Z-36,1,1
Z-38,1,1
Z-39,1,1
Z-4,0,1
Z-44,1,1
Z-59,0,0
Z-68,0,0
Z-77,0,0
Z-83,0,0
Z-84,0,1
Z-91,1,1
Z-92,1,1
Z-96,1,1
AA-10,0,0
AA-11,0,0
AA-2,1,1
AA-21,1,1
AA-25,1,1
AA-26,1,1
AA-32,1,1
AA-33,1,1
AA-37,1,1
AA-39,1,1
AA-49,0,1
AA-52,0,0
AA-55,0,0
AA-56,0,0
AA-59,0,0
AA-60,0,0
AA-61,0,0
AA-71,0,0
AA-77,0,0
AA-78,0,0
AA-80,0,0
AA-81,0,0
AA-94,1,1
AA-98,0,0
AA-99,0,1
AB-17,1,1
AB-18,1,1
AB-26,1,1
AB-43,1,1
AB-44,1,1
AB-45,1,1
AB-47,1,1
AB-55,0,0
AB-59,0,0
AB-69,0,0
AB-70,0,0
AB-76,0,0
AB-80,0,0
AB-82,0,0
AB-83,0,0
AB-87,1,0
AB-91,1,0
AB-93,1,1
AB-94,1,0
AC-10,1,1
AC-17,1,1
AC-19,1,1
AC-2,1,1
AC-35,1,1
AC-37,1,1
AC-4,1,1
AC-44,1,1
AC-55,0,0
AC-60,0,0
AC-61,0,0
AC-63,0,0
AC-64,0,0
AC-72,0,0
AC-74,0,0
AC-81,0,0
AC-91,1,1
AD-11,1,1
AD-12,1,1
AD-14,1,1
AD-15,1,1
AD-16,1,1
AD-18,1,1
AD-24,1,1
AD-26,1,1
AD-29,1,1
AD-39,1,1
AD-43,1,1
AD-54,0,0
AD-6,1,1
AD-76,0,0
AD-82,0,0
AD-9,1,1
AD-96,1,1
AD-98,0,1
AE-24,1,1
AE-25,1,1
AE-26,1,1
AE-29,1,1
AE-31,1,1
AE-32,1,1
AE-36,1,1
AE-40,1,1
AE-42,1,1
AE-48,0,1
AE-51,0,0
AE-52,0,0
AE-53,0,0
AE-54,0,0
AE-56,0,0
AE-58,0,0
AE-66,0,0
AE-80,0,0
AE-85,1,1
AE-89,1,1
AE-9,1,1
AE-95,1,1
AF-10,1,1
AF-25,1,1
AF-30,1,1
AF-48,0,1
AF-50,0,0
AF-59,0,0
AF-6,1,1
AF-63,0,0
AF-7,1,1
AF-74,0,0
AF-75,0,0
AF-85,1,1
AF-87,1,1
AF-91,1,1
AG-10,1,1
AG-11,1,1
AG-15,1,1
AG-26,1,1
AG-3,1,1
AG-38,1,1
AG-47,0,1
AG-49,0,0
AG-52,0,0
AG-56,0,0
AG-70,0,0
AG-73,0,0
AG-78,1,0
AG-82,1,1
AG-83,1,1
AG-84,1,1
AG-87,1,1
AG-9,1,1
AG-92,1,1
AG-96,0,0
AG-99,0,1
AH-11,1,1
AH-14,1,1
AH-17,1,1
AH-25,1,1
AH-26,1,1
AH-27,1,1
AH-29,1,1
AH-31,1,1
AH-4,1,1
AH-43,1,1
AH-46,0,1
AH-66,0,0
AH-78,1,1
AH-83,1,1
AH-84,1,1
AH-91,1,0
AH-96,0,1
AI-17,1,1
AI-18,1,1
AI-22,1,1
AI-25,1,1
AI-40,1,1
AI-41,1,1
AI-46,0,0
AI-62,0,0
AI-64,0,0
AI-68,0,0
AI-74,0,0
AI-78,1,1
AI-79,1,0
AI-82,1,1
AI-86,1,1
AI-88,1,1
AI-89,1,1
AI-96,0,0
AI-97,0,0
AI-99,0,0
AJ-31,1,1
AJ-32,1,1
AJ-38,1,1
AJ-43,1,1
AJ-51,0,0
AJ-56,0,0
AJ-60,0,0
AJ-64,0,0
AJ-72,0,0
AJ-86,1,1
AJ-90,1,1
AJ-91,1,0
AJ-99,0,1
AK-10,1,1
AK-13,1,1
AK-17,1,1
AK-18,1,1
AK-21,1,1
AK-28,1,1
AK-3,1,1
AK-40,1,1
AK-41,1,1
AK-50,0,0
AK-62,0,0
AK-64,0,0
AK-73,0,0
AK-76,0,0
AK-77,1,0
AK-79,1,0
AK-80,1,1
AK-83,1,1
AK-92,0,1
AL-18,1,1
AL-25,1,1
AL-27,1,1
AL-3,1,1
AL-33,1,1
AL-4,1,1
AL-42,1,1
AL-44,1,1
AL-5,1,1
AL-50,0,0
AL-54,0,0
AL-65,0,0
AL-73,0,0
AL-88,1,1
AL-94,0,0
AL-97,0,0
AL-99,0,1
AM-12,1,1
AM-14,1,1
AM-21,1,1
AM-24,1,1
AM-3,1,1
AM-30,1,1
AM-33,1,1
AM-36,1,1
AM-43,1,1
AM-44,1,1
AM-47,0,0
AM-48,0,0
AM-52,0,0
AM-55,0,0
AM-57,0,0
AM-62,0,0
AM-63,0,0
AM-67,0,0
AM-69,0,0
AM-71,0,0
AM-73,0,0
AM-85,1,1
AM-96,0,0
AM-97,0,0
AN-10,1,1
AN-16,1,1
AN-18,1,1
AN-20,1,1
AN-3,1,1
AN-31,1,1
AN-40,1,1
AN-43,1,1
AN-49,0,0
AN-50,0,0
AN-51,0,0
AN-68,0,0
AN-70,0,0
AN-71,0,0
AN-79,0,0
AN-80,0,0
AN-89,0,1
AN-91,0,0
AN-94,0,0
AN-98,0,0
AO-10,1,1
AO-11,1,1
AO-13,1,1
AO-15,1,1
AO-22,1,1
AO-27,1,1
AO-28,1,1
AO-43,1,1
AO-49,0,0
AO-52,0,0
AO-62,0,0
AO-66,0,0
AO-73,0,0
AO-75,0,0
AO-76,0,0
AO-80,0,0
AO-81,0,0
AO-87,0,0
AO-89,0,0
AO-98,0,0
AP-12,1,1
AP-13,1,1
AP-2,1,1
AP-21,1,1
AP-22,1,1
AP-23,1,1
AP-3,1,1
AP-36,1,1
AP-40,1,1
AP-46,0,0
AP-5,1,1
AP-59,0,0
AP-6,1,1
AP-63,0,0
AP-66,0,0
AP-7,1,1
AP-72,0,0
AP-75,0,0
AP-79,0,0
AP-8,1,1
AQ-11,1,1
AQ-16,1,1
AQ-2,1,1
AQ-20,1,1
AQ-23,1,1
AQ-28,1,1
AQ-29,1,1
AQ-33,1,1
AQ-38,1,1
AQ-4,1,1
AQ-59,0,0
AQ-68,0,0
AQ-8,1,1
AQ-80,0,0
AQ-87,0,0
AQ-91,0,0
AQ-93,0,0
AQ-97,0,0
AR-17,1,1
AR-22,1,1
AR-25,1,1
AR-32,1,1
AR-48,0,0
AR-57,0,0
AR-60,0,0
AR-63,0,0
AR-76,0,0
AR-87,0,0
AR-9,1,1
AR-95,0,0
AR-97,0,0
AR-98,0,0
AS-11,1,1
AS-2,1,1
AS-3,1,1
AS-37,1,1
AS-45,0,0
AS-65,0,0
AS-72,0,0
AS-80,0,0
AS-84,0,0
AS-94,0,0
AS-96,0,0
AS-98,0,0
AT-10,1,1
AT-17,1,1
AT-21,1,1
AT-27,1,1
AT-3,1,1
AT-35,1,1
AT-37,1,1
AT-40,1,1
AT-42,1,1
AT-44,1,1
AT-49,0,0
AT-5,1,1
AT-51,0,0
AT-57,0,0
AT-60,0,0
AT-64,0,0
AT-69,0,0
AT-71,0,0
AT-73,0,0
AT-79,0,0
AT-81,0,0
AT-83,0,0
AT-93,0,0
AT-98,0,0
AU-11,1,1
AU-17,1,1
AU-18,1,1
AU-28,1,1
AU-30,1,1
AU-31,1,1
AU-37,1,1
AU-41,1,1
AU-44,0,0
AU-6,1,1
AU-62,0,0
AU-66,0,0
AU-72,0,0
AU-9,1,1
AV-11,1,1
AV-12,1,1
AV-19,1,1
AV-21,1,1
AV-26,1,1
AV-28,1,1
AV-36,1,1
AV-39,1,1
AV-41,1,1
AV-50,0,0
AV-52,0,0
AV-53,0,0
AV-62,0,0
AV-9,1,1
AW-25,1,1
AW-30,1,1
AW-32,1,1
AW-33,1,1
AW-41,1,1
AW-42,1,1
AW-52,0,0
AW-53,0,0
AW-57,0,0
AW-60,0,0
AW-63,0,0
AX-18,1,1
AX-19,1,1
AX-31,1,1
AX-34,1,1
AX-45,0,0
AX-49,0,1
AX-54,1,1
AX-55,1,1
AX-59,0,0
AX-60,0,0
AX-61,0,0
AY-12,1,1
AY-13,1,1
AY-15,1,1
AY-16,1,1
AY-28,1,1
AY-29,1,1
AY-30,1,1
AY-31,1,1
AY-36,1,1
AY-4,1,1
AY-40,1,1
AY-54,1,1
AY-58,0,0
AY-59,0,0
AY-61,0,0
AY-9,1,1
AZ-14,1,1
AZ-21,1,1
AZ-29,1,1
AZ-3,1,1
AZ-34,1,1
AZ-36,1,1
AZ-41,1,1
AZ-54,1,1
AZ-58,0,0
AZ-63,0,0
AZ-64,0,0
AZ-7,1,1
B-33,1,1
B-40,1,1
B-43,1,1
B-53,1,1
B-66,0,1
B-68,0,0
B-69,0,0
B-70,0,0
B-74,0,0
B-84,1,1
B-89,1,1
B-90,1,1
B-92,1,1
BA-13,1,1
BA-17,1,1
BA-21,1,1
BA-25,1,1
BA-27,1,1
BA-28,1,1
BA-4,1,1
BA-48,1,1
BA-54,1,1
BA-58,0,0
BA-66,0,0
BB-15,1,1
BB-18,1,1
BB-20,1,1
BB-26,1,1
BB-27,1,1
BB-30,1,1
BB-50,1,1
BB-51,1,1
BB-53,1,1
BB-55,0,1
BB-6,1,1
BB-63,0,0
BB-7,1,1
BC-13,1,1
BC-15,1,1
BC-19,1,1
BC-20,1,1
BC-32,1,1
BC-39,1,1
BC-55,0,1
BC-57,0,0
BC-6,1,1
BC-63,0,0
BC-65,0,0
BD-14,1,1
BD-28,1,1
BD-29,1,1
BD-33,1,1
BD-39,1,1
BD-40,1,1
BD-42,1,1
BD-43,1,1
BD-45,1,1
BD-47,1,1
BD-54,0,0
BD-55,0,0
BD-60,0,0
BD-63,0,1
BD-7,1,1
BE-11,1,1
BE-14,1,1
BE-20,1,1
BE-25,1,1
BE-29,1,1
BE-31,1,1
BE-37,1,1
BE-39,1,1
BE-43,1,1
BE-44,1,1
BE-5,1,1
BE-55,0,0
BE-57,0,0
BE-62,0,1
BE-66,0,1
BE-7,1,1
BF-12,1,1
BF-22,1,1
BF-24,1,1
BF-28,1,1
BF-44,1,1
BF-46,1,1
BF-47,1,1
BF-50,1,1
BF-51,1,0
BF-59,0,0
BF-61,0,0
BG-14,1,1
BG-19,1,1
BG-2,1,1
BG-25,1,1
BG-29,1,1
BG-43,1,1
BG-48,1,1
BG-52,0,0
BG-57,0,0
BG-59,0,1
BG-66,0,1
BG-7,1,1
BG-8,1,1
BH-12,1,1
BH-16,1,1
BH-19,1,1
BH-28,1,1
BH-44,1,1
BH-46,1,1
BH-49,1,1
BH-52,0,0
BH-57,0,0
BH-58,0,0
BI-11,1,1
BI-20,1,1
BI-24,1,1
BI-25,1,1
BI-33,1,1
BI-44,1,1
BI-48,1,0
BI-57,0,0
BI-60,0,0
BJ-10,1,1
BJ-11,1,1
BJ-13,1,1
BJ-24,1,1
BJ-26,1,1
BJ-35,1,1
BJ-38,1,1
BJ-39,1,1
BJ-4,1,1
BJ-42,1,1
BJ-44,1,1
BJ-5,1,1
BJ-51,0,0
BJ-58,0,0
BJ-59,0,0
BK-18,1,1
BK-2,1,1
BK-22,1,1
BK-28,1,1
BK-31,1,1
BK-33,1,1
BK-34,1,1
BK-39,1,1
BK-4,1,1
BK-44,1,1
BK-45,1,1
BK-60,0,1
BK-62,0,1
BL-23,1,1
BL-28,1,1
BL-30,1,1
BL-49,0,0
BL-50,0,0
BL-51,0,0
BL-56,0,0
BL-6,1,1
BL-9,1,1
BM-14,1,1
BM-15,1,1
BM-16,1,1
BM-2,1,1
BM-20,1,1
BM-21,1,1
BM-25,1,1
BM-29,1,1
BM-35,1,1
BM-36,1,1
BM-37,1,1
BM-40,1,1
BM-41,1,1
BM-44,1,1
BM-54,0,0
BM-65,0,1
BN-11,1,1
BN-12,1,1
BN-14,1,1
BN-15,1,1
BN-28,1,1
BN-34,1,1
BN-42,1,1
BN-44,0,1
BN-45,0,0
BN-48,0,0
BN-49,0,0
BN-5,1,1
BN-64,0,1
BN-8,1,1
BO-11,1,1
BO-14,1,1
BO-22,1,1
BO-24,1,1
BO-36,1,1
BO-37,1,1
BO-42,0,1
BO-49,0,0
BO-60,0,0
BO-62,0,0
BO-65,0,1
BO-66,0,0
BO-8,1,1
BO-9,1,1
BP-19,1,1
BP-21,1,1
BP-31,1,1
BP-35,1,1
BP-36,1,1
BP-4,1,1
BP-41,1,1
BP-46,0,0
BP-48,0,0
BP-50,0,0
BP-54,0,0
BP-59,0,0
BP-7,1,1
BQ-2,1,1
BQ-21,1,1
BQ-29,1,1
BQ-4,1,1
BQ-43,0,0
BQ-59,0,0
BQ-6,1,1
BQ-61,0,0
BR-17,1,1
BR-23,1,1
BR-25,1,1
BR-44,0,0
BR-45,0,0
BR-48,0,0
BR-5,1,1
BR-51,0,0
BR-62,0,0
BR-64,0,0
BR-66,0,0
BR-9,1,1
BS-13,1,1
BS-15,1,1
BS-19,1,1
BS-2,1,1
BS-22,1,1
BS-25,1,1
BS-29,1,1
BS-31,1,1
BS-35,1,1
BS-36,1,0
BS-39,1,1
BS-4,1,1
BS-41,0,0
BS-47,0,0
BS-5,1,1
BS-50,0,0
BS-54,0,0
BS-55,0,0
BS-56,0,0
BS-58,0,0
BS-59,0,0
BS-6,1,1
BS-65,0,0
BT-11,1,1
BT-23,1,1
BT-25,1,1
BT-3,1,1
BT-30,1,1
BT-32,1,1
BT-33,1,1
BT-38,1,1
BT-45,0,0
BT-47,0,0
BT-48,0,0
BT-50,0,0
BT-59,0,0
BT-66,0,0
BT-7,1,1
BT-9,1,1
BU-10,1,1
BU-11,1,1
BU-18,1,1
BU-22,1,1
BU-24,1,1
BU-26,1,1
BU-4,1,1
BU-40,0,0
BU-43,0,0
BU-44,0,0
BU-45,0,0
BU-49,0,0
BU-5,1,1
BU-50,0,0
BU-60,0,0
BU-62,0,0
BU-65,0,0
BU-8,1,1
BV-12,1,1
BV-19,1,1
BV-26,1,1
BV-27,1,1
BV-29,1,1
BV-36,1,1
BV-38,1,1
BV-51,0,0
BV-6,1,1
BV-61,0,0
BV-66,0,0
BV-9,1,1
BW-14,1,1
BW-19,1,1
BW-23,1,1
BW-30,1,1
BW-31,1,1
BW-39,0,0
BW-47,0,0
BW-48,0,0
BW-5,1,1
BW-57,0,0
BW-61,0,0
BW-63,0,0
BX-15,1,0
BX-16,1,1
BX-29,1,1
BX-3,1,1
BX-31,1,1
BX-52,0,0
BX-6,1,1
BX-64,0,0
BX-65,0,0
BY-16,1,1
BY-25,1,1
BY-47,0,0
BY-5,1,1
BY-59,0,0
BY-63,0,0
BZ-11,1,1
BZ-14,1,1
BZ-19,1,1
BZ-20,1,1
BZ-22,1,1
BZ-28,1,1
BZ-29,1,1
BZ-31,1,1
BZ-32,1,1
BZ-35,1,1
BZ-36,0,1
BZ-37,0,0
BZ-4,1,1
BZ-43,0,0
BZ-47,0,0
BZ-50,0,0
BZ-56,0,0
BZ-58,0,1
BZ-62,0,0
BZ-64,0,0
BZ-7,1,1
BZ-8,1,1
C-16,0,0
C-26,0,0
C-28,0,1
C-33,1,1
C-38,1,1
C-47,1,1
C-50,1,1
C-59,1,1
C-6,0,0
C-60,1,1
C-61,1,1
C-63,1,1
C-74,0,1
C-75,0,1
C-82,1,1
C-89,1,1
C-92,1,1
C-93,1,1
C-96,1,1
CA-12,1,1
CA-21,1,1
CA-26,1,1
CA-27,1,1
CA-3,1,1
CA-35,1,1
CA-39,0,0
CA-42,0,0
CA-47,0,0
CA-49,0,0
CA-51,1,1
CA-53,1,1
CA-63,0,0
CA-64,0,0
CB-11,1,1
CB-26,1,1
CB-27,1,1
CB-34,1,1
CB-36,0,1
CB-45,0,0
CB-55,1,1
CB-57,0,0
CB-6,1,1
CB-61,0,0
CB-66,0,0
CC-10,1,1
CC-13,1,1
CC-36,0,0
CC-4,1,1
CC-44,0,0
CC-5,1,1
CC-63,0,0
CC-8,1,1
CD-10,1,1
CD-15,1,1
CD-29,1,1
CD-31,1,1
CD-34,1,1
CD-36,0,0
CD-4,1,1
CD-41,0,0
CD-54,1,1
CD-6,1,1
CD-60,0,1
CD-9,1,1
CE-10,1,1
CE-14,1,1
CE-16,1,1
CE-19,1,1
CE-21,1,1
CE-22,1,1
CE-31,1,1
CE-37,0,0
CE-41,0,0
CE-47,1,1
CE-52,1,1
CE-55,1,1
CE-6,1,0
CE-64,0,0
CE-66,0,0
CF-17,1,1
CF-29,1,1
CF-36,0,0
CF-42,1,1
CF-48,1,1
CF-50,1,1
CF-52,1,1
CF-59,0,1
CF-60,0,1
CG-19,1,1
CG-23,1,1
CG-25,1,1
CG-26,1,1
CG-34,0,0
CG-35,0,0
CG-41,1,1
CG-49,1,1
CG-5,1,1
CG-54,1,1
CG-56,0,0
CG-63,0,0
CH-3,1,1
CH-32,1,1
CH-37,0,0
CH-40,1,1
CH-48,1,0
CH-5,1,1
CH-51,1,1
CH-59,0,0
CH-60,0,0
CH-62,0,0
CH-63,0,0
CI-18,1,1
CI-22,1,1
CI-27,1,1
CI-29,1,1
CI-30,1,1
CI-33,1,1
CI-34,0,1
CI-36,0,0
CI-38,1,1
CI-39,1,1
CI-4,1,0
CI-55,0,1
CI-59,0,1
CI-60,0,0
CI-62,0,0
CI-7,1,1
CJ-17,1,1
CJ-19,1,1
CJ-20,1,1
CJ-22,1,1
CJ-23,1,1
CJ-24,1,1
CJ-36,0,0
CJ-37,1,1
CJ-41,1,0
CJ-45,1,1
CJ-46,1,1
CJ-49,1,1
CJ-54,1,1
CJ-58,0,1
CK-21,1,1
CK-23,1,1
CK-25,1,1
CK-31,1,1
CK-32,1,1
CK-36,1,1
CK-37,1,1
CK-41,1,1
CK-42,1,1
CK-44,1,1
CK-50,1,1
CK-60,0,1
CL-11,1,0
CL-28,1,1
CL-31,1,1
CL-32,1,1
CL-4,1,1
CL-43,1,1
CL-45,1,1
CL-47,1,1
CL-49,1,1
CL-54,1,0
CL-57,0,1
CL-58,0,1
CL-60,0,1
CL-62,0,1
CL-63,0,1
CL-65,0,1
CM-12,1,1
CM-17,1,1
CM-19,1,1
CM-27,1,1
CM-29,1,1
CM-33,1,1
CM-34,1,1
CM-38,1,1
CM-39,1,1
CM-4,1,1
CM-47,1,1
CM-48,1,1
CM-50,1,1
CM-59,0,0
CM-61,0,1
CM-62,0,1
CM-64,0,0
CM-66,0,0
CM-7,1,1
CN-17,1,1
CN-18,1,1
CN-22,1,1
CN-30,1,1
CN-33,1,1
CN-38,1,1
CN-44,1,1
CN-46,1,1
CN-55,0,0
CN-56,0,1
CN-6,1,1
CN-64,0,1
CN-7,1,1
CN-9,1,1
CO-10,1,1
CO-17,1,1
CO-22,1,1
CO-27,1,1
CO-32,1,1
CO-37,1,1
CO-43,1,1
CO-55,0,0
CO-61,0,0
CO-64,0,0
CP-10,1,1
CP-15,1,1
CP-22,1,0
CP-3,1,1
CP-38,1,1
CP-40,1,1
CP-43,1,1
CP-45,1,1
CP-46,1,1
CP-56,0,0
CP-58,0,0
CP-6,1,1
CP-60,0,0
CQ-14,1,1
CQ-16,1,1
CQ-24,1,1
CQ-28,1,1
CQ-30,1,1
CQ-35,1,1
CQ-36,1,1
CQ-37,1,1
CQ-46,1,1
CQ-52,1,1
CQ-55,0,0
CQ-59,0,0
CQ-60,0,0
CQ-65,0,1
CQ-66,0,0
CQ-8,1,1
CR-15,1,1
CR-19,1,1
CR-22,1,1
CR-24,1,1
CR-25,1,1
CR-26,1,1
CR-3,1,1
CR-31,1,1
CR-56,0,0
CR-6,1,1
CR-66,0,1
CS-16,1,1
CS-18,1,1
CS-38,1,1
CS-42,1,1
CS-45,1,1
CS-47,1,1
CS-48,1,1
CS-50,1,1
CS-52,1,1
CS-53,1,1
CS-55,0,1
CS-58,0,0
CS-62,0,0
CT-10,1,1
CT-17,1,1
CT-18,1,1
CT-23,1,1
CT-24,1,1
CT-25,1,0
CT-26,1,1
CT-29,1,1
CT-35,1,0
CT-39,1,1
CT-41,1,1
CT-42,1,1
CT-46,1,1
CT-47,1,1
CT-50,1,1
CT-51,1,1
CT-55,0,1
CT-56,0,1
CT-59,0,0
CT-60,0,1
CT-65,0,0
CT-9,1,1
CU-16,1,1
CU-17,1,1
CU-18,1,1
CU-21,1,1
CU-3,1,1
CU-32,1,1
CU-46,1,1
CU-5,1,1
CU-55,0,1
CU-61,0,0
CV-20,1,0
CV-21,1,1
CV-22,1,1
CV-24,1,1
CV-25,1,1
CV-32,1,1
CV-33,1,1
CV-37,1,0
CV-4,1,1
CV-43,1,1
CV-46,1,1
CV-52,0,1
CV-53,0,1
CV-54,0,1
CV-55,0,1
CV-59,0,1
CV-66,0,0
CV-7,1,1
CW-11,1,1
CW-13,1,1
CW-16,1,1
CW-20,1,1
CW-23,1,1
CW-24,1,1
CW-28,1,1
CW-30,1,1
CW-36,1,0
CW-40,1,1
CW-42,1,1
CW-44,1,1
CW-53,0,1
CW-55,0,0
CW-56,0,1
CW-58,0,0
CW-62,0,1
CW-65,0,0
CW-66,0,0
CW-7,1,1
CX-10,1,1
CX-16,1,1
CX-17,1,1
CX-22,1,1
CX-36,1,1
CX-4,1,1
CX-40,1,0
CX-47,1,1
CX-53,0,0
CX-54,0,0
CX-56,0,1
CX-57,0,0
CX-61,1,1
CX-65,1,1
CX-66,1,1
CY-10,1,1
CY-11,1,1
CY-14,1,1
CY-21,1,1
CY-27,1,1
CY-29,1,1
CY-32,1,1
CY-48,1,1
CY-56,0,1
CY-57,0,0
CY-60,1,1
CY-61,1,1
CY-65,1,1
CY-7,1,0
CZ-12,1,1
CZ-18,1,1
CZ-41,1,1
CZ-42,1,1
CZ-44,1,1
CZ-46,1,1
CZ-50,1,1
CZ-51,1,0
CZ-63,1,1
CZ-64,1,1
CZ-8,1,1
CZ-9,1,1
D-14,0,0
D-15,0,0
D-21,0,0
D-25,0,0
D-37,1,1
D-38,1,1
D-39,1,1
D-42,1,1
D-52,1,1
D-63,1,1
D-65,0,1
D-70,0,0
D-71,0,0
D-75,0,0
D-8,0,0
D-85,1,1
D-89,1,1
D-90,1,1
D-92,1,1
D-99,1,1
DA-14,1,1
DA-22,1,1
DA-24,1,1
DA-29,1,1
DA-37,1,0
DA-42,1,1
DA-43,1,1
DA-47,1,1
DA-49,1,1
DA-53,1,1
DA-54,0,1
DA-55,1,0
DA-56,1,1
DA-62,1,1
DA-9,1,1
DB-17,1,1
DB-22,1,1
DB-23,1,1
DB-27,1,1
DB-41,1,1
DB-43,1,1
DB-44,1,1
DB-45,1,1
DB-47,1,1
DB-58,1,1
DB-60,1,1
DB-62,1,1
DB-7,1,1
DC-10,1,1
DC-20,1,1
DC-31,1,1
DC-33,1,1
DC-39,1,0
DC-4,1,1
DC-42,1,1
DC-44,1,1
DC-49,1,1
DC-60,1,1
DC-64,1,1
DC-65,1,1
DC-66,1,1
DC-8,1,1
DD-10,1,1
DD-12,1,1
DD-16,1,1
DD-27,1,1
DD-29,1,1
DD-31,1,1
DD-37,1,1
DD-41,1,1
DD-42,1,1
DD-47,1,1
DD-50,1,1
DD-57,1,1
DD-6,1,1
DD-60,1,1
DE-14,1,1
DE-24,1,1
DE-31,1,1
DE-41,1,1
DE-42,1,1
DE-43,1,1
DE-51,1,1
DE-54,1,0
DE-62,1,1
DF-17,1,1
DF-19,1,0
DF-20,1,1
DF-29,1,1
DF-3,1,1
DF-35,1,1
DF-37,1,1
DF-39,1,1
DF-42,1,1
DF-45,1,0
DF-5,1,1
DF-61,1,1
DF-9,1,1
DG-16,1,1
DG-18,1,1
DG-25,1,1
DG-3,1,1
DG-31,1,1
DG-42,1,0
DG-43,1,0
DG-46,1,0
DG-51,1,1
DG-60,1,1
DG-61,1,1
DG-66,1,0
E-18,0,0
E-19,0,0
E-20,0,0
E-28,0,1
E-34,1,1
E-37,1,1
E-52,1,1
E-53,1,1
E-57,1,1
E-67,0,0
E-70,0,0
E-71,0,0
E-76,1,1
E-77,1,1
E-84,1,1
E-89,1,1
E-95,1,1
E-96,1,1
F-13,0,0
F-15,0,0
F-22,0,0
F-24,0,0
F-25,0,0
F-32,0,1
F-39,1,1
F-4,0,0
F-40,1,1
F-41,1,1
F-48,1,1
F-58,1,1
F-6,0,0
F-67,0,0
F-70,0,0
F-78,1,1
F-87,1,1
G-16,0,0
G-17,0,0
G-2,0,0
G-21,0,0
G-23,0,0
G-27,0,0
G-34,1,1
G-4,0,0
G-48,1,1
G-63,0,1
G-64,0,0
G-71,0,0
G-75,0,0
G-79,1,1
G-8,0,0
G-86,1,1
G-9,0,0
G-90,1,1
G-91,1,1
G-92,1,1
G-97,1,1
G-99,1,1
H-10,0,0
H-12,0,0
H-18,0,0
H-20,0,0
H-24,0,0
H-25,0,0
H-26,0,0
H-3,0,0
H-32,0,1
H-35,1,1
H-37,1,1
H-4,0,0
H-41,1,1
H-49,1,1
H-5,0,0
H-56,1,1
H-57,1,1
H-83,1,1
H-87,1,1
H-90,1,1
H-94,1,1
H-96,1,1
H-98,1,1
I-12,0,0
I-13,0,0
I-15,0,0
I-16,0,0
I-2,0,0
I-21,0,0
I-22,0,0
I-23,0,0
I-25,0,0
I-28,0,0
I-38,1,1
I-41,1,1
I-47,1,1
I-5,0,0
I-50,1,1
I-52,1,1
I-55,1,1
I-58,0,1
I-60,0,1
I-63,0,0
I-64,0,0
I-68,0,0
I-70,0,0
I-72,0,0
I-73,0,0
I-74,0,0
I-76,1,1
I-78,1,1
I-8,0,0
I-82,1,1
I-88,1,1
I-90,1,1
I-95,1,1
J-14,0,0
J-2,0,0
J-21,0,0
J-27,0,0
J-28,0,0
J-31,0,1
J-45,1,1
J-6,0,0
J-61,0,0
J-64,0,0
J-66,0,0
J-69,0,0
J-73,0,0
J-84,1,1
J-86,1,1
K-15,0,0
K-17,0,0
K-19,0,0
K-21,0,0
K-25,0,0
K-29,0,0
K-32,0,1
K-39,1,1
K-4,0,0
K-40,1,1
K-41,1,1
K-42,1,1
K-52,1,1
K-55,0,1
K-58,0,0
K-61,0,0
K-64,0,0
K-65,0,0
K-78,1,1
K-79,1,1
K-80,1,1
K-86,1,1
K-89,1,1
K-90,1,1
K-92,1,1
K-93,1,1
L-13,0,0
L-15,0,0
L-23,0,0
L-25,0,0
L-29,0,0
L-30,0,0
L-32,0,1
L-34,1,1
L-38,1,1
L-42,1,1
L-43,1,1
L-44,1,1
L-46,1,1
L-47,1,1
L-49,1,1
L-52,1,1
L-6,0,0
L-69,0,0
L-7,0,0
L-72,0,0
L-74,0,0
L-80,1,1
L-83,1,1
L-89,1,1
L-93,1,1
M-10,0,0
M-14,0,0
M-17,0,0
M-18,0,0
M-23,0,0
M-24,0,0
M-31,0,1
M-44,1,1
M-51,1,1
M-52,1,1
M-55,0,0
M-61,0,0
M-64,0,0
M-67,0,0
M-69,0,0
M-7,0,0
M-71,0,0
M-72,0,0
M-73,0,0
M-77,1,1
M-9,0,0
M-91,1,1
M-99,1,1
N-17,0,0
N-19,0,0
N-26,0,1
N-27,0,1
N-40,1,1
N-45,1,1
N-48,1,1
N-55,0,0
N-61,0,0
N-64,0,0
N-67,0,0
N-71,0,0
N-85,1,1
N-86,1,1
N-9,0,0
N-91,1,1
N-96,1,1
N-97,1,1
O-10,0,0
O-13,0,0
O-18,0,0
O-25,0,1
O-37,1,1
O-52,1,1
O-53,1,1
O-55,0,0
O-60,0,0
O-61,0,0
O-67,0,0
O-69,0,0
O-7,0,0
O-70,0,0
O-71,0,0
O-74,0,0
O-75,0,0
O-8,0,0
O-84,1,1
O-97,1,1
P-13,0,0
P-22,0,0
P-29,1,1
P-3,0,0
P-31,1,1
P-35,1,1
P-36,1,1
P-37,1,1
P-4,0,0
P-56,0,0
P-67,0,0
P-69,0,0
P-83,1,1
P-91,1,1
P-93,1,1
P-99,1,1
Q-10,0,0
Q-14,0,0
Q-16,0,0
Q-23,0,0
Q-26,1,1
Q-47,1,1
Q-51,1,1
Q-57,0,0
Q-6,0,0
Q-60,0,0
Q-71,0,0
Q-80,1,1
Q-82,1,1
Q-92,1,1
Q-99,1,1
R-10,0,0
R-15,0,0
R-19,0,0
R-20,0,0
R-21,0,0
R-29,1,1
R-37,1,1
R-38,1,1
R-49,1,1
R-50,1,1
R-53,0,1
R-54,0,1
R-55,0,0
R-6,0,0
R-61,0,0
R-66,0,0
R-67,0,0
R-69,0,0
R-71,0,0
R-90,1,1
R-97,1,1
R-99,1,1
S-10,0,0
S-11,0,0
S-12,0,0
S-14,0,0
S-18,0,0
S-19,0,0
S-21,0,0
S-25,1,1
S-31,1,1
S-32,1,1
S-33,1,1
S-38,1,1
S-4,0,0
S-44,1,1
S-50,1,1
S-51,1,1
S-6,0,0
S-62,0,0
S-68,0,0
S-7,0,0
S-71,0,0
S-80,1,1
S-81,1,1
S-87,1,1
S-88,1,1
S-93,1,1
S-94,1,1
S-95,1,1
S-99,1,1
T-12,0,0
T-18,0,0
T-2,0,0
T-25,1,1
T-29,1,1
T-33,1,1
T-50,1,1
T-52,0,0
T-56,0,0
T-58,0,0
T-68,0,0
T-81,1,1
T-84,1,1
T-85,1,1
T-86,1,1
T-97,1,1
T-98,1,1
U-17,0,0
U-2,0,0
U-20,0,0
U-24,1,1
U-28,1,1
U-31,1,1
U-35,1,1
U-40,1,1
U-44,1,1
U-46,1,1
U-50,1,1
U-60,0,0
U-61,0,0
U-64,0,0
U-7,0,0
U-71,0,0
U-72,0,0
U-75,1,1
U-78,1,1
U-93,1,1
V-12,0,0
V-19,0,0
V-22,1,1
V-28,1,1
V-3,0,0
V-35,1,0
V-55,0,0
V-63,0,0
V-78,1,1
V-81,1,1
V-91,1,1
V-92,1,1
V-99,1,1
W-32,1,1
W-35,1,1
W-36,1,1
W-38,1,0
W-39,1,0
W-4,0,0
W-60,0,0
W-76,1,1
W-81,1,1
W-99,1,1
X-11,0,0
X-16,0,1
X-21,1,1
X-22,1,1
X-36,1,1
X-38,1,1
X-40,1,1
X-46,1,1
X-67,0,0
X-71,0,0
X-80,1,1
X-85,1,1
X-87,1,1
X-89,1,1
Y-11,0,0
Y-17,1,1
Y-19,1,1
Y-24,1,1
Y-28,1,1
Y-29,1,1
Y-46,1,1
Y-47,1,1
Y-49,1,0
Y-53,0,0
Y-57,0,0
Y-59,0,0
Y-65,0,0
Y-69,0,0
Y-72,0,0
Y-79,1,0
Y-83,1,1
Y-89,1,0
Y-9,0,0
Z-15,0,1
Z-24,1,1
Z-29,1,1
Z-31,1,1
Z-35,1,1
Z-49,0,0
Z-57,0,0
Z-64,0,0
Z-76,0,0
Z-78,0,0
Z-8,0,0
Z-80,0,0
Z-82,0,0
Z-9,0,0
Z-97,1,1
